City,Date,Cases, Population ,Square km,PopDense,temperature,pm10,humidity,no2
CALOOCAN CITY,3/1/2020,2,"1,500,000.00",53.334,28124.64844,27.2,10,69.7,2.2
CALOOCAN CITY,3/16/2020,5,"1,500,000.00",53.334,28124.64844,27,8,74,4.7
CALOOCAN CITY,4/30/2020,3,"1,500,000.00",53.334,28124.64844,29.7,8,67.5,3.1
CALOOCAN CITY,4/28/2020,1,"1,500,000.00",53.334,28124.64844,29.5,14,68,5.1
CALOOCAN CITY,3/7/2020,1,"1,500,000.00",53.334,28124.64844,28.7,17,72.8,3.6
CALOOCAN CITY,5/2/2020,2,"1,500,000.00",53.334,28124.64844,30.5,10,64.2,5.2
CALOOCAN CITY,4/4/2020,4,"1,500,000.00",53.334,28124.64844,28.7,13,64.2,3.2
CALOOCAN CITY,4/13/2020,2,"1,500,000.00",53.334,28124.64844,28.6,17,73.6,5.1
CALOOCAN CITY,4/8/2020,2,"1,500,000.00",53.334,28124.64844,29.1,20,70.5,6.4
CALOOCAN CITY,3/27/2020,4,"1,500,000.00",53.334,28124.64844,28.8,12,70.5,2.8
CALOOCAN CITY,3/23/2020,6,"1,500,000.00",53.334,28124.64844,28.6,12,68.7,1.9
CALOOCAN CITY,5/10/2020,1,"1,500,000.00",53.334,28124.64844,30.1,60,73,7.8
CALOOCAN CITY,4/22/2020,2,"1,500,000.00",53.334,28124.64844,30.8,27,65.2,4.6
CALOOCAN CITY,3/14/2020,6,"1,500,000.00",53.334,28124.64844,28.8,16,70,4.8
CALOOCAN CITY,4/16/2020,1,"1,500,000.00",53.334,28124.64844,29.2,19,75,6
CALOOCAN CITY,5/9/2020,1,"1,500,000.00",53.334,28124.64844,30,22,75.3,3.7
CALOOCAN CITY,4/24/2020,2,"1,500,000.00",53.334,28124.64844,30.4,16,66.1,6
CALOOCAN CITY,3/22/2020,3,"1,500,000.00",53.334,28124.64844,29,7,69.2,1.4
CALOOCAN CITY,5/6/2020,2,"1,500,000.00",53.334,28124.64844,31.3,16,72.5,5.1
CALOOCAN CITY,4/1/2020,3,"1,500,000.00",53.334,28124.64844,29.8,15,66.7,2.4
CALOOCAN CITY,4/21/2020,1,"1,500,000.00",53.334,28124.64844,30.5,9,66.8,4.4
CALOOCAN CITY,3/10/2020,3,"1,500,000.00",53.334,28124.64844,29.1,35,80.7,23.4
CALOOCAN CITY,5/3/2020,1,"1,500,000.00",53.334,28124.64844,29.5,11,73.8,3.1
CALOOCAN CITY,3/11/2020,1,"1,500,000.00",53.334,28124.64844,28.3,17,74.2,5.9
CALOOCAN CITY,3/5/2020,1,"1,500,000.00",53.334,28124.64844,27.4,12,68,3.2
CALOOCAN CITY,4/2/2020,4,"1,500,000.00",53.334,28124.64844,29.1,11,65.2,2
CALOOCAN CITY,3/26/2020,4,"1,500,000.00",53.334,28124.64844,28.8,12,64.5,2.3
CALOOCAN CITY,3/19/2020,3,"1,500,000.00",53.334,28124.64844,28.6,25,70.8,1.4
CALOOCAN CITY,4/9/2020,5,"1,500,000.00",53.334,28124.64844,29.8,10,71,3.7
CALOOCAN CITY,4/25/2020,4,"1,500,000.00",53.334,28124.64844,30,9,70,5.1
CALOOCAN CITY,4/10/2020,3,"1,500,000.00",53.334,28124.64844,28.8,7,72.8,2.3
CALOOCAN CITY,4/12/2020,2,"1,500,000.00",53.334,28124.64844,28.7,19,77,4.4
CALOOCAN CITY,5/5/2020,1,"1,500,000.00",53.334,28124.64844,31.5,10,69.2,3.2
CALOOCAN CITY,3/8/2020,2,"1,500,000.00",53.334,28124.64844,28.8,12,78,5
CALOOCAN CITY,4/3/2020,2,"1,500,000.00",53.334,28124.64844,29.1,13,61.6,1.9
CALOOCAN CITY,4/6/2020,3,"1,500,000.00",53.334,28124.64844,29.1,13,67.1,6
CALOOCAN CITY,3/13/2020,3,"1,500,000.00",53.334,28124.64844,29.1,14,64.8,4.7
CALOOCAN CITY,3/18/2020,5,"1,500,000.00",53.334,28124.64844,27.3,11,69,1.6
CALOOCAN CITY,3/28/2020,2,"1,500,000.00",53.334,28124.64844,29.3,15,68.1,3.2
CALOOCAN CITY,5/15/2020,1,"1,500,000.00",53.334,28124.64844,26.7,42,90.5,6
CALOOCAN CITY,4/27/2020,1,"1,500,000.00",53.334,28124.64844,29.9,6,72.7,4.2
CALOOCAN CITY,4/7/2020,1,"1,500,000.00",53.334,28124.64844,29.4,18,70.5,3.7
CALOOCAN CITY,4/5/2020,3,"1,500,000.00",53.334,28124.64844,29.2,19,64.2,5.5
CALOOCAN CITY,3/3/2020,1,"1,500,000.00",53.334,28124.64844,25.4,4,75.2,2.1
CALOOCAN CITY,3/30/2020,2,"1,500,000.00",53.334,28124.64844,29.3,18,64,2.3
CALOOCAN CITY,4/11/2020,5,"1,500,000.00",53.334,28124.64844,29,10,72.7,3.2
CALOOCAN CITY,3/25/2020,6,"1,500,000.00",53.334,28124.64844,28,9,64,1.9
CALOOCAN CITY,3/17/2020,7,"1,500,000.00",53.334,28124.64844,26.6,10,73,3.1
CALOOCAN CITY,5/16/2020,1,"1,500,000.00",53.334,28124.64844,28.3,26,82.7,5.1
CALOOCAN CITY,3/20/2020,7,"1,500,000.00",53.334,28124.64844,28.6,11,73.2,3.2
CALOOCAN CITY,3/31/2020,3,"1,500,000.00",53.334,28124.64844,31.9,11,56.2,2.3
CALOOCAN CITY,5/4/2020,3,"1,500,000.00",53.334,28124.64844,31.3,8,71.3,5.5
CALOOCAN CITY,4/29/2020,2,"1,500,000.00",53.334,28124.64844,30,9,67.8,3.7
CALOOCAN CITY,3/24/2020,5,"1,500,000.00",53.334,28124.64844,28,9,69.2,2.2
CALOOCAN CITY,4/14/2020,3,"1,500,000.00",53.334,28124.64844,27.7,7,72.6,3.2
CALOOCAN CITY,3/12/2020,4,"1,500,000.00",53.334,28124.64844,28.6,15,64.8,3.5
CALOOCAN CITY,4/18/2020,2,"1,500,000.00",53.334,28124.64844,28.8,9,74,3.7
CALOOCAN CITY,3/21/2020,1,"1,500,000.00",53.334,28124.64844,29,19,68.5,2.8
CALOOCAN CITY,3/15/2020,6,"1,500,000.00",53.334,28124.64844,27.7,11,70,3.4
CALOOCAN CITY,5/7/2020,2,"1,500,000.00",53.334,28124.64844,30.9,14,76.7,6
CALOOCAN CITY,4/19/2020,1,"1,500,000.00",53.334,28124.64844,30,10,68.3,4.6
CALOOCAN CITY,4/20/2020,3,"1,500,000.00",53.334,28124.64844,30.3,13,68,4.6
CALOOCAN CITY,3/9/2020,2,"1,500,000.00",53.334,28124.64844,28.6,20,78.7,10.1
CALOOCAN CITY,5/8/2020,2,"1,500,000.00",53.334,28124.64844,31.9,14,69,3.7
CALOOCAN CITY,5/1/2020,1,"1,500,000.00",53.334,28124.64844,30.2,11,66.2,4.6
CITY OF LAS PIÑAS,4/27/2020,2,"590,000.00",32.69,18048.33282,29.9,6,72.7,4.2
CITY OF LAS PIÑAS,5/8/2020,2,"590,000.00",32.69,18048.33282,31.9,14,69,3.7
CITY OF LAS PIÑAS,4/4/2020,3,"590,000.00",32.69,18048.33282,28.7,13,64.2,3.2
CITY OF LAS PIÑAS,3/28/2020,7,"590,000.00",32.69,18048.33282,29.3,15,68.1,3.2
CITY OF LAS PIÑAS,3/6/2020,3,"590,000.00",32.69,18048.33282,28,12,69.2,2
CITY OF LAS PIÑAS,3/18/2020,1,"590,000.00",32.69,18048.33282,27.3,11,69,1.6
CITY OF LAS PIÑAS,3/24/2020,1,"590,000.00",32.69,18048.33282,28,9,69.2,2.2
CITY OF LAS PIÑAS,4/14/2020,2,"590,000.00",32.69,18048.33282,27.7,7,72.6,3.2
CITY OF LAS PIÑAS,2/25/2020,1,"590,000.00",32.69,18048.33282,25.5,6,75,3.4
CITY OF LAS PIÑAS,4/28/2020,1,"590,000.00",32.69,18048.33282,29.5,14,68,5.1
CITY OF LAS PIÑAS,4/30/2020,1,"590,000.00",32.69,18048.33282,29.7,8,67.5,3.1
CITY OF LAS PIÑAS,3/16/2020,9,"590,000.00",32.69,18048.33282,27,8,74,4.7
CITY OF LAS PIÑAS,4/7/2020,3,"590,000.00",32.69,18048.33282,29.4,18,70.5,3.7
CITY OF LAS PIÑAS,3/17/2020,8,"590,000.00",32.69,18048.33282,26.6,10,73,3.1
CITY OF LAS PIÑAS,3/25/2020,3,"590,000.00",32.69,18048.33282,28,9,64,1.9
CITY OF LAS PIÑAS,5/11/2020,1,"590,000.00",32.69,18048.33282,31.5,50,69.7,5.5
CITY OF LAS PIÑAS,3/4/2020,2,"590,000.00",32.69,18048.33282,26.1,10,77.5,3.8
CITY OF LAS PIÑAS,3/20/2020,4,"590,000.00",32.69,18048.33282,28.6,11,73.2,3.2
CITY OF LAS PIÑAS,3/30/2020,10,"590,000.00",32.69,18048.33282,29.3,18,64,2.3
CITY OF LAS PIÑAS,4/11/2020,1,"590,000.00",32.69,18048.33282,29,10,72.7,3.2
CITY OF LAS PIÑAS,3/21/2020,3,"590,000.00",32.69,18048.33282,29,19,68.5,2.8
CITY OF LAS PIÑAS,4/15/2020,1,"590,000.00",32.69,18048.33282,29,16,74,3.7
CITY OF LAS PIÑAS,3/29/2020,2,"590,000.00",32.69,18048.33282,29.7,13,66.3,2.8
CITY OF LAS PIÑAS,3/3/2020,1,"590,000.00",32.69,18048.33282,25.4,4,75.2,2.1
CITY OF LAS PIÑAS,3/9/2020,2,"590,000.00",32.69,18048.33282,28.6,20,78.7,10.1
CITY OF LAS PIÑAS,3/26/2020,5,"590,000.00",32.69,18048.33282,28.8,12,64.5,2.3
CITY OF LAS PIÑAS,4/5/2020,6,"590,000.00",32.69,18048.33282,29.2,19,64.2,5.5
CITY OF LAS PIÑAS,3/2/2020,2,"590,000.00",32.69,18048.33282,27,8,66.5,5.9
CITY OF LAS PIÑAS,3/27/2020,1,"590,000.00",32.69,18048.33282,28.8,12,70.5,2.8
CITY OF LAS PIÑAS,3/31/2020,8,"590,000.00",32.69,18048.33282,31.9,11,56.2,2.3
CITY OF LAS PIÑAS,3/23/2020,4,"590,000.00",32.69,18048.33282,28.6,12,68.7,1.9
CITY OF LAS PIÑAS,4/8/2020,5,"590,000.00",32.69,18048.33282,29.1,20,70.5,6.4
CITY OF LAS PIÑAS,3/12/2020,3,"590,000.00",32.69,18048.33282,28.6,15,64.8,3.5
CITY OF LAS PIÑAS,4/20/2020,1,"590,000.00",32.69,18048.33282,30.3,13,68,4.6
CITY OF LAS PIÑAS,4/2/2020,2,"590,000.00",32.69,18048.33282,29.1,11,65.2,2
CITY OF LAS PIÑAS,3/1/2020,1,"590,000.00",32.69,18048.33282,27.2,10,69.7,2.2
CITY OF LAS PIÑAS,4/9/2020,2,"590,000.00",32.69,18048.33282,29.8,10,71,3.7
CITY OF LAS PIÑAS,3/11/2020,5,"590,000.00",32.69,18048.33282,28.3,17,74.2,5.9
CITY OF LAS PIÑAS,4/19/2020,2,"590,000.00",32.69,18048.33282,30,10,68.3,4.6
CITY OF LAS PIÑAS,3/10/2020,2,"590,000.00",32.69,18048.33282,29.1,35,80.7,23.4
CITY OF LAS PIÑAS,5/6/2020,1,"590,000.00",32.69,18048.33282,31.3,16,72.5,5.1
CITY OF LAS PIÑAS,4/1/2020,7,"590,000.00",32.69,18048.33282,29.8,15,66.7,2.4
CITY OF LAS PIÑAS,3/13/2020,5,"590,000.00",32.69,18048.33282,29.1,14,64.8,4.7
CITY OF LAS PIÑAS,4/18/2020,2,"590,000.00",32.69,18048.33282,28.8,9,74,3.7
CITY OF LAS PIÑAS,3/22/2020,4,"590,000.00",32.69,18048.33282,29,7,69.2,1.4
CITY OF LAS PIÑAS,3/8/2020,3,"590,000.00",32.69,18048.33282,28.8,12,78,5
CITY OF LAS PIÑAS,4/24/2020,1,"590,000.00",32.69,18048.33282,30.4,16,66.1,6
CITY OF LAS PIÑAS,5/5/2020,1,"590,000.00",32.69,18048.33282,31.5,10,69.2,3.2
CITY OF LAS PIÑAS,3/14/2020,3,"590,000.00",32.69,18048.33282,28.8,16,70,4.8
CITY OF LAS PIÑAS,4/3/2020,7,"590,000.00",32.69,18048.33282,29.1,13,61.6,1.9
CITY OF LAS PIÑAS,3/15/2020,4,"590,000.00",32.69,18048.33282,27.7,11,70,3.4
CITY OF LAS PIÑAS,4/6/2020,3,"590,000.00",32.69,18048.33282,29.1,13,67.1,6
CITY OF LAS PIÑAS,4/16/2020,1,"590,000.00",32.69,18048.33282,29.2,19,75,6
CITY OF MAKATI,5/19/2020,1,"510,383.00",21.57,23661.70607,29.7,52,81.8,5.5
CITY OF MAKATI,3/3/2020,4,"510,383.00",21.57,23661.70607,25.4,4,75.2,2.1
CITY OF MAKATI,4/26/2020,1,"510,383.00",21.57,23661.70607,30.2,9,69.7,4.6
CITY OF MAKATI,4/11/2020,11,"510,383.00",21.57,23661.70607,29,10,72.7,3.2
CITY OF MAKATI,4/25/2020,2,"510,383.00",21.57,23661.70607,30,9,70,5.1
CITY OF MAKATI,3/1/2020,5,"510,383.00",21.57,23661.70607,27.2,10,69.7,2.2
CITY OF MAKATI,3/28/2020,10,"510,383.00",21.57,23661.70607,29.3,15,68.1,3.2
CITY OF MAKATI,4/9/2020,7,"510,383.00",21.57,23661.70607,29.8,10,71,3.7
CITY OF MAKATI,3/30/2020,9,"510,383.00",21.57,23661.70607,29.3,18,64,2.3
CITY OF MAKATI,3/13/2020,14,"510,383.00",21.57,23661.70607,29.1,14,64.8,4.7
CITY OF MAKATI,4/6/2020,12,"510,383.00",21.57,23661.70607,29.1,13,67.1,6
CITY OF MAKATI,3/24/2020,8,"510,383.00",21.57,23661.70607,28,9,69.2,2.2
CITY OF MAKATI,5/18/2020,2,"510,383.00",21.57,23661.70607,30.4,56,79.4,6.4
CITY OF MAKATI,3/29/2020,7,"510,383.00",21.57,23661.70607,29.7,13,66.3,2.8
CITY OF MAKATI,3/6/2020,3,"510,383.00",21.57,23661.70607,28,12,69.2,2
CITY OF MAKATI,4/10/2020,7,"510,383.00",21.57,23661.70607,28.8,7,72.8,2.3
CITY OF MAKATI,4/12/2020,3,"510,383.00",21.57,23661.70607,28.7,19,77,4.4
CITY OF MAKATI,2/28/2020,1,"510,383.00",21.57,23661.70607,27.2,8,66.7,2.3
CITY OF MAKATI,4/5/2020,6,"510,383.00",21.57,23661.70607,29.2,19,64.2,5.5
CITY OF MAKATI,2/29/2020,1,"510,383.00",21.57,23661.70607,27.2,7,68.2,3.6
CITY OF MAKATI,4/7/2020,6,"510,383.00",21.57,23661.70607,29.4,18,70.5,3.7
CITY OF MAKATI,3/18/2020,6,"510,383.00",21.57,23661.70607,27.3,11,69,1.6
CITY OF MAKATI,3/2/2020,1,"510,383.00",21.57,23661.70607,27,8,66.5,5.9
CITY OF MAKATI,4/3/2020,5,"510,383.00",21.57,23661.70607,29.1,13,61.6,1.9
CITY OF MAKATI,5/5/2020,2,"510,383.00",21.57,23661.70607,31.5,10,69.2,3.2
CITY OF MAKATI,5/1/2020,3,"510,383.00",21.57,23661.70607,30.2,11,66.2,4.6
CITY OF MAKATI,4/17/2020,2,"510,383.00",21.57,23661.70607,29.6,11,71.5,3.7
CITY OF MAKATI,2/26/2020,2,"510,383.00",21.57,23661.70607,26.1,15,77.1,6
CITY OF MAKATI,4/27/2020,1,"510,383.00",21.57,23661.70607,29.9,6,72.7,4.2
CITY OF MAKATI,5/15/2020,1,"510,383.00",21.57,23661.70607,26.7,42,90.5,6
CITY OF MAKATI,3/8/2020,5,"510,383.00",21.57,23661.70607,28.8,12,78,5
CITY OF MAKATI,3/25/2020,12,"510,383.00",21.57,23661.70607,28,9,64,1.9
CITY OF MAKATI,4/2/2020,16,"510,383.00",21.57,23661.70607,29.1,11,65.2,2
CITY OF MAKATI,3/17/2020,8,"510,383.00",21.57,23661.70607,26.6,10,73,3.1
CITY OF MAKATI,4/8/2020,16,"510,383.00",21.57,23661.70607,29.1,20,70.5,6.4
CITY OF MAKATI,3/27/2020,8,"510,383.00",21.57,23661.70607,28.8,12,70.5,2.8
CITY OF MAKATI,3/12/2020,9,"510,383.00",21.57,23661.70607,28.6,15,64.8,3.5
CITY OF MAKATI,3/23/2020,6,"510,383.00",21.57,23661.70607,28.6,12,68.7,1.9
CITY OF MAKATI,5/10/2020,2,"510,383.00",21.57,23661.70607,30.1,60,73,7.8
CITY OF MAKATI,4/22/2020,3,"510,383.00",21.57,23661.70607,30.8,27,65.2,4.6
CITY OF MAKATI,3/14/2020,16,"510,383.00",21.57,23661.70607,28.8,16,70,4.8
CITY OF MAKATI,4/16/2020,5,"510,383.00",21.57,23661.70607,29.2,19,75,6
CITY OF MAKATI,3/15/2020,13,"510,383.00",21.57,23661.70607,27.7,11,70,3.4
CITY OF MAKATI,5/9/2020,2,"510,383.00",21.57,23661.70607,30,22,75.3,3.7
CITY OF MAKATI,4/24/2020,1,"510,383.00",21.57,23661.70607,30.4,16,66.1,6
CITY OF MAKATI,4/18/2020,5,"510,383.00",21.57,23661.70607,28.8,9,74,3.7
CITY OF MAKATI,3/22/2020,6,"510,383.00",21.57,23661.70607,29,7,69.2,1.4
CITY OF MAKATI,4/1/2020,12,"510,383.00",21.57,23661.70607,29.8,15,66.7,2.4
CITY OF MAKATI,4/21/2020,2,"510,383.00",21.57,23661.70607,30.5,9,66.8,4.4
CITY OF MAKATI,4/19/2020,6,"510,383.00",21.57,23661.70607,30,10,68.3,4.6
CITY OF MAKATI,5/3/2020,1,"510,383.00",21.57,23661.70607,29.5,11,73.8,3.1
CITY OF MAKATI,3/10/2020,6,"510,383.00",21.57,23661.70607,29.1,35,80.7,23.4
CITY OF MAKATI,3/11/2020,13,"510,383.00",21.57,23661.70607,28.3,17,74.2,5.9
CITY OF MAKATI,4/20/2020,4,"510,383.00",21.57,23661.70607,30.3,13,68,4.6
CITY OF MAKATI,4/29/2020,2,"510,383.00",21.57,23661.70607,30,9,67.8,3.7
CITY OF MAKATI,4/14/2020,6,"510,383.00",21.57,23661.70607,27.7,7,72.6,3.2
CITY OF MAKATI,4/4/2020,12,"510,383.00",21.57,23661.70607,28.7,13,64.2,3.2
CITY OF MAKATI,4/13/2020,5,"510,383.00",21.57,23661.70607,28.6,17,73.6,5.1
CITY OF MAKATI,5/2/2020,6,"510,383.00",21.57,23661.70607,30.5,10,64.2,5.2
CITY OF MAKATI,3/20/2020,17,"510,383.00",21.57,23661.70607,28.6,11,73.2,3.2
CITY OF MAKATI,4/15/2020,6,"510,383.00",21.57,23661.70607,29,16,74,3.7
CITY OF MAKATI,3/31/2020,12,"510,383.00",21.57,23661.70607,31.9,11,56.2,2.3
CITY OF MAKATI,5/4/2020,3,"510,383.00",21.57,23661.70607,31.3,8,71.3,5.5
CITY OF MAKATI,3/26/2020,8,"510,383.00",21.57,23661.70607,28.8,12,64.5,2.3
CITY OF MAKATI,3/9/2020,10,"510,383.00",21.57,23661.70607,28.6,20,78.7,10.1
CITY OF MAKATI,3/5/2020,3,"510,383.00",21.57,23661.70607,27.4,12,68,3.2
CITY OF MAKATI,3/21/2020,13,"510,383.00",21.57,23661.70607,29,19,68.5,2.8
CITY OF MAKATI,3/19/2020,16,"510,383.00",21.57,23661.70607,28.6,25,70.8,1.4
CITY OF MAKATI,5/8/2020,1,"510,383.00",21.57,23661.70607,31.9,14,69,3.7
CITY OF MAKATI,4/28/2020,2,"510,383.00",21.57,23661.70607,29.5,14,68,5.1
CITY OF MAKATI,4/30/2020,1,"510,383.00",21.57,23661.70607,29.7,8,67.5,3.1
CITY OF MAKATI,3/7/2020,6,"510,383.00",21.57,23661.70607,28.7,17,72.8,3.6
CITY OF MAKATI,3/16/2020,13,"510,383.00",21.57,23661.70607,27,8,74,4.7
CITY OF MALABON,3/17/2020,1,"365,525.00",19.76,18498.22874,26.6,10,73,3.1
CITY OF MALABON,3/30/2020,3,"365,525.00",19.76,18498.22874,29.3,18,64,2.3
CITY OF MALABON,3/11/2020,1,"365,525.00",19.76,18498.22874,28.3,17,74.2,5.9
CITY OF MALABON,4/4/2020,1,"365,525.00",19.76,18498.22874,28.7,13,64.2,3.2
CITY OF MALABON,3/10/2020,1,"365,525.00",19.76,18498.22874,29.1,35,80.7,23.4
CITY OF MALABON,5/11/2020,1,"365,525.00",19.76,18498.22874,31.5,50,69.7,5.5
CITY OF MALABON,5/16/2020,1,"365,525.00",19.76,18498.22874,28.3,26,82.7,5.1
CITY OF MALABON,4/10/2020,1,"365,525.00",19.76,18498.22874,28.8,7,72.8,2.3
CITY OF MALABON,3/16/2020,1,"365,525.00",19.76,18498.22874,27,8,74,4.7
CITY OF MALABON,4/19/2020,1,"365,525.00",19.76,18498.22874,30,10,68.3,4.6
CITY OF MALABON,3/31/2020,2,"365,525.00",19.76,18498.22874,31.9,11,56.2,2.3
CITY OF MALABON,3/3/2020,1,"365,525.00",19.76,18498.22874,25.4,4,75.2,2.1
CITY OF MALABON,3/21/2020,1,"365,525.00",19.76,18498.22874,29,19,68.5,2.8
CITY OF MALABON,5/2/2020,1,"365,525.00",19.76,18498.22874,30.5,10,64.2,5.2
CITY OF MALABON,3/25/2020,2,"365,525.00",19.76,18498.22874,28,9,64,1.9
CITY OF MALABON,3/8/2020,1,"365,525.00",19.76,18498.22874,28.8,12,78,5
CITY OF MALABON,4/16/2020,2,"365,525.00",19.76,18498.22874,29.2,19,75,6
CITY OF MALABON,4/21/2020,2,"365,525.00",19.76,18498.22874,30.5,9,66.8,4.4
CITY OF MALABON,3/19/2020,1,"365,525.00",19.76,18498.22874,28.6,25,70.8,1.4
CITY OF MALABON,3/26/2020,1,"365,525.00",19.76,18498.22874,28.8,12,64.5,2.3
CITY OF MALABON,5/1/2020,2,"365,525.00",19.76,18498.22874,30.2,11,66.2,4.6
CITY OF MALABON,4/28/2020,1,"365,525.00",19.76,18498.22874,29.5,14,68,5.1
CITY OF MALABON,3/9/2020,1,"365,525.00",19.76,18498.22874,28.6,20,78.7,10.1
CITY OF MALABON,3/20/2020,1,"365,525.00",19.76,18498.22874,28.6,11,73.2,3.2
CITY OF MALABON,4/1/2020,1,"365,525.00",19.76,18498.22874,29.8,15,66.7,2.4
CITY OF MALABON,4/12/2020,1,"365,525.00",19.76,18498.22874,28.7,19,77,4.4
CITY OF MANDALUYONG,3/6/2020,2,"300,000.00",11.06,27124.77396,28,12,69.2,2
CITY OF MANDALUYONG,4/4/2020,9,"300,000.00",11.06,27124.77396,28.7,13,64.2,3.2
CITY OF MANDALUYONG,3/28/2020,4,"300,000.00",11.06,27124.77396,29.3,15,68.1,3.2
CITY OF MANDALUYONG,5/10/2020,2,"300,000.00",11.06,27124.77396,30.1,60,73,7.8
CITY OF MANDALUYONG,4/13/2020,4,"300,000.00",11.06,27124.77396,28.6,17,73.6,5.1
CITY OF MANDALUYONG,3/26/2020,10,"300,000.00",11.06,27124.77396,28.8,12,64.5,2.3
CITY OF MANDALUYONG,5/1/2020,3,"300,000.00",11.06,27124.77396,30.2,11,66.2,4.6
CITY OF MANDALUYONG,3/27/2020,12,"300,000.00",11.06,27124.77396,28.8,12,70.5,2.8
CITY OF MANDALUYONG,5/2/2020,1,"300,000.00",11.06,27124.77396,30.5,10,64.2,5.2
CITY OF MANDALUYONG,3/23/2020,8,"300,000.00",11.06,27124.77396,28.6,12,68.7,1.9
CITY OF MANDALUYONG,4/1/2020,10,"300,000.00",11.06,27124.77396,29.8,15,66.7,2.4
CITY OF MANDALUYONG,5/8/2020,1,"300,000.00",11.06,27124.77396,31.9,14,69,3.7
CITY OF MANDALUYONG,3/19/2020,1,"300,000.00",11.06,27124.77396,28.6,25,70.8,1.4
CITY OF MANDALUYONG,4/22/2020,1,"300,000.00",11.06,27124.77396,30.8,27,65.2,4.6
CITY OF MANDALUYONG,4/28/2020,1,"300,000.00",11.06,27124.77396,29.5,14,68,5.1
CITY OF MANDALUYONG,3/1/2020,2,"300,000.00",11.06,27124.77396,27.2,10,69.7,2.2
CITY OF MANDALUYONG,2/27/2020,1,"300,000.00",11.06,27124.77396,26.3,7,67,4.1
CITY OF MANDALUYONG,3/8/2020,2,"300,000.00",11.06,27124.77396,28.8,12,78,5
CITY OF MANDALUYONG,3/7/2020,2,"300,000.00",11.06,27124.77396,28.7,17,72.8,3.6
CITY OF MANDALUYONG,4/6/2020,11,"300,000.00",11.06,27124.77396,29.1,13,67.1,6
CITY OF MANDALUYONG,3/18/2020,9,"300,000.00",11.06,27124.77396,27.3,11,69,1.6
CITY OF MANDALUYONG,4/11/2020,3,"300,000.00",11.06,27124.77396,29,10,72.7,3.2
CITY OF MANDALUYONG,4/17/2020,3,"300,000.00",11.06,27124.77396,29.6,11,71.5,3.7
CITY OF MANDALUYONG,3/29/2020,6,"300,000.00",11.06,27124.77396,29.7,13,66.3,2.8
CITY OF MANDALUYONG,3/30/2020,13,"300,000.00",11.06,27124.77396,29.3,18,64,2.3
CITY OF MANDALUYONG,3/12/2020,8,"300,000.00",11.06,27124.77396,28.6,15,64.8,3.5
CITY OF MANDALUYONG,3/3/2020,2,"300,000.00",11.06,27124.77396,25.4,4,75.2,2.1
CITY OF MANDALUYONG,3/13/2020,7,"300,000.00",11.06,27124.77396,29.1,14,64.8,4.7
CITY OF MANDALUYONG,4/5/2020,12,"300,000.00",11.06,27124.77396,29.2,19,64.2,5.5
CITY OF MANDALUYONG,3/11/2020,4,"300,000.00",11.06,27124.77396,28.3,17,74.2,5.9
CITY OF MANDALUYONG,4/24/2020,1,"300,000.00",11.06,27124.77396,30.4,16,66.1,6
CITY OF MANDALUYONG,3/15/2020,8,"300,000.00",11.06,27124.77396,27.7,11,70,3.4
CITY OF MANDALUYONG,4/14/2020,5,"300,000.00",11.06,27124.77396,27.7,7,72.6,3.2
CITY OF MANDALUYONG,3/4/2020,1,"300,000.00",11.06,27124.77396,26.1,10,77.5,3.8
CITY OF MANDALUYONG,4/10/2020,7,"300,000.00",11.06,27124.77396,28.8,7,72.8,2.3
CITY OF MANDALUYONG,2/15/2020,1,"300,000.00",11.06,27124.77396,26.6,12,71.2,8.4
CITY OF MANDALUYONG,4/3/2020,5,"300,000.00",11.06,27124.77396,29.1,13,61.6,1.9
CITY OF MANDALUYONG,3/14/2020,9,"300,000.00",11.06,27124.77396,28.8,16,70,4.8
CITY OF MANDALUYONG,4/8/2020,7,"300,000.00",11.06,27124.77396,29.1,20,70.5,6.4
CITY OF MANDALUYONG,3/25/2020,6,"300,000.00",11.06,27124.77396,28,9,64,1.9
CITY OF MANDALUYONG,3/16/2020,8,"300,000.00",11.06,27124.77396,27,8,74,4.7
CITY OF MANDALUYONG,4/2/2020,5,"300,000.00",11.06,27124.77396,29.1,11,65.2,2
CITY OF MANDALUYONG,3/20/2020,9,"300,000.00",11.06,27124.77396,28.6,11,73.2,3.2
CITY OF MANDALUYONG,3/17/2020,7,"300,000.00",11.06,27124.77396,26.6,10,73,3.1
CITY OF MANDALUYONG,3/31/2020,12,"300,000.00",11.06,27124.77396,31.9,11,56.2,2.3
CITY OF MANDALUYONG,4/9/2020,4,"300,000.00",11.06,27124.77396,29.8,10,71,3.7
CITY OF MANDALUYONG,4/12/2020,11,"300,000.00",11.06,27124.77396,28.7,19,77,4.4
CITY OF MANDALUYONG,2/25/2020,2,"300,000.00",11.06,27124.77396,25.5,6,75,3.4
CITY OF MANDALUYONG,4/7/2020,10,"300,000.00",11.06,27124.77396,29.4,18,70.5,3.7
CITY OF MANDALUYONG,3/5/2020,1,"300,000.00",11.06,27124.77396,27.4,12,68,3.2
CITY OF MANDALUYONG,2/28/2020,1,"300,000.00",11.06,27124.77396,27.2,8,66.7,2.3
CITY OF MANDALUYONG,4/16/2020,3,"300,000.00",11.06,27124.77396,29.2,19,75,6
CITY OF MANDALUYONG,3/9/2020,5,"300,000.00",11.06,27124.77396,28.6,20,78.7,10.1
CITY OF MANDALUYONG,3/21/2020,8,"300,000.00",11.06,27124.77396,29,19,68.5,2.8
CITY OF MANDALUYONG,4/18/2020,4,"300,000.00",11.06,27124.77396,28.8,9,74,3.7
CITY OF MANDALUYONG,5/6/2020,1,"300,000.00",11.06,27124.77396,31.3,16,72.5,5.1
CITY OF MANDALUYONG,4/27/2020,1,"300,000.00",11.06,27124.77396,29.9,6,72.7,4.2
CITY OF MANDALUYONG,3/24/2020,9,"300,000.00",11.06,27124.77396,28,9,69.2,2.2
CITY OF MANDALUYONG,3/10/2020,10,"300,000.00",11.06,27124.77396,29.1,35,80.7,23.4
CITY OF MANDALUYONG,4/19/2020,1,"300,000.00",11.06,27124.77396,30,10,68.3,4.6
CITY OF MANDALUYONG,4/20/2020,2,"300,000.00",11.06,27124.77396,30.3,13,68,4.6
CITY OF MANDALUYONG,3/22/2020,10,"300,000.00",11.06,27124.77396,29,7,69.2,1.4
CITY OF MANDALUYONG,4/26/2020,3,"300,000.00",11.06,27124.77396,30.2,9,69.7,4.6
CITY OF MANDALUYONG,5/3/2020,1,"300,000.00",11.06,27124.77396,29.5,11,73.8,3.1
CITY OF MANDALUYONG,5/15/2020,2,"300,000.00",11.06,27124.77396,26.7,42,90.5,6
CITY OF MANDALUYONG,4/15/2020,3,"300,000.00",11.06,27124.77396,29,16,74,3.7
CITY OF MANILA,3/1/2020,1,"1,600,000.00",42.88,37313.43284,27.2,10,69.7,2.2
CITY OF MANILA,4/19/2020,6,"1,600,000.00",42.88,37313.43284,30,10,68.3,4.6
CITY OF MANILA,3/3/2020,3,"1,600,000.00",42.88,37313.43284,25.4,4,75.2,2.1
CITY OF MANILA,2/27/2020,2,"1,600,000.00",42.88,37313.43284,26.3,7,67,4.1
CITY OF MANILA,3/18/2020,16,"1,600,000.00",42.88,37313.43284,27.3,11,69,1.6
CITY OF MANILA,5/6/2020,2,"1,600,000.00",42.88,37313.43284,31.3,16,72.5,5.1
CITY OF MANILA,3/4/2020,2,"1,600,000.00",42.88,37313.43284,26.1,10,77.5,3.8
CITY OF MANILA,4/29/2020,5,"1,600,000.00",42.88,37313.43284,30,9,67.8,3.7
CITY OF MANILA,3/12/2020,15,"1,600,000.00",42.88,37313.43284,28.6,15,64.8,3.5
CITY OF MANILA,4/27/2020,5,"1,600,000.00",42.88,37313.43284,29.9,6,72.7,4.2
CITY OF MANILA,3/31/2020,20,"1,600,000.00",42.88,37313.43284,31.9,11,56.2,2.3
CITY OF MANILA,4/21/2020,9,"1,600,000.00",42.88,37313.43284,30.5,9,66.8,4.4
CITY OF MANILA,5/19/2020,1,"1,600,000.00",42.88,37313.43284,29.7,52,81.8,5.5
CITY OF MANILA,5/15/2020,2,"1,600,000.00",42.88,37313.43284,26.7,42,90.5,6
CITY OF MANILA,4/1/2020,20,"1,600,000.00",42.88,37313.43284,29.8,15,66.7,2.4
CITY OF MANILA,4/18/2020,17,"1,600,000.00",42.88,37313.43284,28.8,9,74,3.7
CITY OF MANILA,3/27/2020,17,"1,600,000.00",42.88,37313.43284,28.8,12,70.5,2.8
CITY OF MANILA,4/13/2020,9,"1,600,000.00",42.88,37313.43284,28.6,17,73.6,5.1
CITY OF MANILA,5/1/2020,9,"1,600,000.00",42.88,37313.43284,30.2,11,66.2,4.6
CITY OF MANILA,3/7/2020,5,"1,600,000.00",42.88,37313.43284,28.7,17,72.8,3.6
CITY OF MANILA,5/16/2020,1,"1,600,000.00",42.88,37313.43284,28.3,26,82.7,5.1
CITY OF MANILA,2/25/2020,1,"1,600,000.00",42.88,37313.43284,25.5,6,75,3.4
CITY OF MANILA,3/15/2020,18,"1,600,000.00",42.88,37313.43284,27.7,11,70,3.4
CITY OF MANILA,4/7/2020,22,"1,600,000.00",42.88,37313.43284,29.4,18,70.5,3.7
CITY OF MANILA,4/11/2020,8,"1,600,000.00",42.88,37313.43284,29,10,72.7,3.2
CITY OF MANILA,3/22/2020,16,"1,600,000.00",42.88,37313.43284,29,7,69.2,1.4
CITY OF MANILA,3/28/2020,24,"1,600,000.00",42.88,37313.43284,29.3,15,68.1,3.2
CITY OF MANILA,5/4/2020,4,"1,600,000.00",42.88,37313.43284,31.3,8,71.3,5.5
CITY OF MANILA,3/30/2020,20,"1,600,000.00",42.88,37313.43284,29.3,18,64,2.3
CITY OF MANILA,4/5/2020,12,"1,600,000.00",42.88,37313.43284,29.2,19,64.2,5.5
CITY OF MANILA,4/8/2020,15,"1,600,000.00",42.88,37313.43284,29.1,20,70.5,6.4
CITY OF MANILA,3/14/2020,23,"1,600,000.00",42.88,37313.43284,28.8,16,70,4.8
CITY OF MANILA,5/2/2020,3,"1,600,000.00",42.88,37313.43284,30.5,10,64.2,5.2
CITY OF MANILA,3/6/2020,7,"1,600,000.00",42.88,37313.43284,28,12,69.2,2
CITY OF MANILA,4/20/2020,12,"1,600,000.00",42.88,37313.43284,30.3,13,68,4.6
CITY OF MANILA,4/10/2020,13,"1,600,000.00",42.88,37313.43284,28.8,7,72.8,2.3
CITY OF MANILA,4/12/2020,12,"1,600,000.00",42.88,37313.43284,28.7,19,77,4.4
CITY OF MANILA,5/8/2020,11,"1,600,000.00",42.88,37313.43284,31.9,14,69,3.7
CITY OF MANILA,4/22/2020,2,"1,600,000.00",42.88,37313.43284,30.8,27,65.2,4.6
CITY OF MANILA,5/3/2020,5,"1,600,000.00",42.88,37313.43284,29.5,11,73.8,3.1
CITY OF MANILA,3/10/2020,9,"1,600,000.00",42.88,37313.43284,29.1,35,80.7,23.4
CITY OF MANILA,4/25/2020,6,"1,600,000.00",42.88,37313.43284,30,9,70,5.1
CITY OF MANILA,5/9/2020,4,"1,600,000.00",42.88,37313.43284,30,22,75.3,3.7
CITY OF MANILA,3/17/2020,26,"1,600,000.00",42.88,37313.43284,26.6,10,73,3.1
CITY OF MANILA,3/9/2020,11,"1,600,000.00",42.88,37313.43284,28.6,20,78.7,10.1
CITY OF MANILA,4/15/2020,13,"1,600,000.00",42.88,37313.43284,29,16,74,3.7
CITY OF MANILA,3/29/2020,15,"1,600,000.00",42.88,37313.43284,29.7,13,66.3,2.8
CITY OF MANILA,3/5/2020,2,"1,600,000.00",42.88,37313.43284,27.4,12,68,3.2
CITY OF MANILA,3/25/2020,21,"1,600,000.00",42.88,37313.43284,28,9,64,1.9
CITY OF MANILA,4/9/2020,18,"1,600,000.00",42.88,37313.43284,29.8,10,71,3.7
CITY OF MANILA,3/20/2020,15,"1,600,000.00",42.88,37313.43284,28.6,11,73.2,3.2
CITY OF MANILA,5/5/2020,5,"1,600,000.00",42.88,37313.43284,31.5,10,69.2,3.2
CITY OF MANILA,3/16/2020,27,"1,600,000.00",42.88,37313.43284,27,8,74,4.7
CITY OF MANILA,3/26/2020,8,"1,600,000.00",42.88,37313.43284,28.8,12,64.5,2.3
CITY OF MANILA,5/12/2020,2,"1,600,000.00",42.88,37313.43284,30.8,30,72.5,4.6
CITY OF MANILA,3/19/2020,14,"1,600,000.00",42.88,37313.43284,28.6,25,70.8,1.4
CITY OF MANILA,2/29/2020,2,"1,600,000.00",42.88,37313.43284,27.2,7,68.2,3.6
CITY OF MANILA,4/6/2020,16,"1,600,000.00",42.88,37313.43284,29.1,13,67.1,6
CITY OF MANILA,5/17/2020,1,"1,600,000.00",42.88,37313.43284,30.3,39,77,4.6
CITY OF MANILA,3/13/2020,11,"1,600,000.00",42.88,37313.43284,29.1,14,64.8,4.7
CITY OF MANILA,4/28/2020,7,"1,600,000.00",42.88,37313.43284,29.5,14,68,5.1
CITY OF MANILA,3/23/2020,14,"1,600,000.00",42.88,37313.43284,28.6,12,68.7,1.9
CITY OF MANILA,4/17/2020,4,"1,600,000.00",42.88,37313.43284,29.6,11,71.5,3.7
CITY OF MANILA,4/2/2020,12,"1,600,000.00",42.88,37313.43284,29.1,11,65.2,2
CITY OF MANILA,4/16/2020,9,"1,600,000.00",42.88,37313.43284,29.2,19,75,6
CITY OF MANILA,4/24/2020,7,"1,600,000.00",42.88,37313.43284,30.4,16,66.1,6
CITY OF MANILA,3/21/2020,18,"1,600,000.00",42.88,37313.43284,29,19,68.5,2.8
CITY OF MANILA,3/11/2020,14,"1,600,000.00",42.88,37313.43284,28.3,17,74.2,5.9
CITY OF MANILA,4/3/2020,9,"1,600,000.00",42.88,37313.43284,29.1,13,61.6,1.9
CITY OF MANILA,3/24/2020,13,"1,600,000.00",42.88,37313.43284,28,9,69.2,2.2
CITY OF MANILA,3/2/2020,1,"1,600,000.00",42.88,37313.43284,27,8,66.5,5.9
CITY OF MANILA,4/14/2020,11,"1,600,000.00",42.88,37313.43284,27.7,7,72.6,3.2
CITY OF MANILA,4/30/2020,4,"1,600,000.00",42.88,37313.43284,29.7,8,67.5,3.1
CITY OF MANILA,3/8/2020,7,"1,600,000.00",42.88,37313.43284,28.8,12,78,5
CITY OF MANILA,4/4/2020,18,"1,600,000.00",42.88,37313.43284,28.7,13,64.2,3.2
CITY OF MANILA,4/26/2020,5,"1,600,000.00",42.88,37313.43284,30.2,9,69.7,4.6
CITY OF MANILA,2/14/2020,1,"1,600,000.00",42.88,37313.43284,28.6,11,66.5,9.6
CITY OF MANILA,5/10/2020,2,"1,600,000.00",42.88,37313.43284,30.1,60,73,7.8
CITY OF MARIKINA,4/5/2020,2,"450,741.00",21.52,20945.21375,29.2,19,64.2,5.5
CITY OF MARIKINA,3/20/2020,4,"450,741.00",21.52,20945.21375,28.6,11,73.2,3.2
CITY OF MARIKINA,3/6/2020,1,"450,741.00",21.52,20945.21375,28,12,69.2,2
CITY OF MARIKINA,3/17/2020,4,"450,741.00",21.52,20945.21375,26.6,10,73,3.1
CITY OF MARIKINA,4/8/2020,1,"450,741.00",21.52,20945.21375,29.1,20,70.5,6.4
CITY OF MARIKINA,4/13/2020,1,"450,741.00",21.52,20945.21375,28.6,17,73.6,5.1
CITY OF MARIKINA,4/4/2020,2,"450,741.00",21.52,20945.21375,28.7,13,64.2,3.2
CITY OF MARIKINA,3/30/2020,4,"450,741.00",21.52,20945.21375,29.3,18,64,2.3
CITY OF MARIKINA,4/2/2020,3,"450,741.00",21.52,20945.21375,29.1,11,65.2,2
CITY OF MARIKINA,3/1/2020,1,"450,741.00",21.52,20945.21375,27.2,10,69.7,2.2
CITY OF MARIKINA,3/25/2020,2,"450,741.00",21.52,20945.21375,28,9,64,1.9
CITY OF MARIKINA,2/29/2020,1,"450,741.00",21.52,20945.21375,27.2,7,68.2,3.6
CITY OF MARIKINA,4/7/2020,1,"450,741.00",21.52,20945.21375,29.4,18,70.5,3.7
CITY OF MARIKINA,3/15/2020,4,"450,741.00",21.52,20945.21375,27.7,11,70,3.4
CITY OF MARIKINA,4/30/2020,1,"450,741.00",21.52,20945.21375,29.7,8,67.5,3.1
CITY OF MARIKINA,4/29/2020,1,"450,741.00",21.52,20945.21375,30,9,67.8,3.7
CITY OF MARIKINA,4/3/2020,1,"450,741.00",21.52,20945.21375,29.1,13,61.6,1.9
CITY OF MARIKINA,3/13/2020,3,"450,741.00",21.52,20945.21375,29.1,14,64.8,4.7
CITY OF MARIKINA,3/14/2020,6,"450,741.00",21.52,20945.21375,28.8,16,70,4.8
CITY OF MARIKINA,5/11/2020,1,"450,741.00",21.52,20945.21375,31.5,50,69.7,5.5
CITY OF MARIKINA,3/26/2020,3,"450,741.00",21.52,20945.21375,28.8,12,64.5,2.3
CITY OF MARIKINA,3/9/2020,2,"450,741.00",21.52,20945.21375,28.6,20,78.7,10.1
CITY OF MARIKINA,3/23/2020,3,"450,741.00",21.52,20945.21375,28.6,12,68.7,1.9
CITY OF MARIKINA,4/10/2020,1,"450,741.00",21.52,20945.21375,28.8,7,72.8,2.3
CITY OF MARIKINA,4/25/2020,2,"450,741.00",21.52,20945.21375,30,9,70,5.1
CITY OF MARIKINA,4/12/2020,1,"450,741.00",21.52,20945.21375,28.7,19,77,4.4
CITY OF MARIKINA,4/9/2020,2,"450,741.00",21.52,20945.21375,29.8,10,71,3.7
CITY OF MARIKINA,3/5/2020,1,"450,741.00",21.52,20945.21375,27.4,12,68,3.2
CITY OF MARIKINA,3/29/2020,6,"450,741.00",21.52,20945.21375,29.7,13,66.3,2.8
CITY OF MARIKINA,3/21/2020,3,"450,741.00",21.52,20945.21375,29,19,68.5,2.8
CITY OF MARIKINA,3/10/2020,3,"450,741.00",21.52,20945.21375,29.1,35,80.7,23.4
CITY OF MARIKINA,3/24/2020,3,"450,741.00",21.52,20945.21375,28,9,69.2,2.2
CITY OF MARIKINA,2/19/2020,1,"450,741.00",21.52,20945.21375,24.7,9,68.7,3.7
CITY OF MARIKINA,3/19/2020,1,"450,741.00",21.52,20945.21375,28.6,25,70.8,1.4
CITY OF MARIKINA,3/11/2020,2,"450,741.00",21.52,20945.21375,28.3,17,74.2,5.9
CITY OF MARIKINA,4/6/2020,3,"450,741.00",21.52,20945.21375,29.1,13,67.1,6
CITY OF MARIKINA,3/22/2020,2,"450,741.00",21.52,20945.21375,29,7,69.2,1.4
CITY OF MARIKINA,3/31/2020,1,"450,741.00",21.52,20945.21375,31.9,11,56.2,2.3
CITY OF MARIKINA,5/15/2020,1,"450,741.00",21.52,20945.21375,26.7,42,90.5,6
CITY OF MARIKINA,3/27/2020,3,"450,741.00",21.52,20945.21375,28.8,12,70.5,2.8
CITY OF MARIKINA,5/17/2020,1,"450,741.00",21.52,20945.21375,30.3,39,77,4.6
CITY OF MARIKINA,5/7/2020,1,"450,741.00",21.52,20945.21375,30.9,14,76.7,6
CITY OF MARIKINA,4/1/2020,6,"450,741.00",21.52,20945.21375,29.8,15,66.7,2.4
CITY OF MARIKINA,3/28/2020,5,"450,741.00",21.52,20945.21375,29.3,15,68.1,3.2
CITY OF MARIKINA,3/12/2020,2,"450,741.00",21.52,20945.21375,28.6,15,64.8,3.5
CITY OF MARIKINA,3/2/2020,1,"450,741.00",21.52,20945.21375,27,8,66.5,5.9
CITY OF MARIKINA,3/18/2020,2,"450,741.00",21.52,20945.21375,27.3,11,69,1.6
CITY OF MUNTINLUPA,5/11/2020,1,"504,509.00",46.7,10803.19058,31.5,50,69.7,5.5
CITY OF MUNTINLUPA,3/19/2020,4,"504,509.00",46.7,10803.19058,28.6,25,70.8,1.4
CITY OF MUNTINLUPA,5/16/2020,1,"504,509.00",46.7,10803.19058,28.3,26,82.7,5.1
CITY OF MUNTINLUPA,3/11/2020,2,"504,509.00",46.7,10803.19058,28.3,17,74.2,5.9
CITY OF MUNTINLUPA,3/5/2020,2,"504,509.00",46.7,10803.19058,27.4,12,68,3.2
CITY OF MUNTINLUPA,3/31/2020,2,"504,509.00",46.7,10803.19058,31.9,11,56.2,2.3
CITY OF MUNTINLUPA,3/1/2020,3,"504,509.00",46.7,10803.19058,27.2,10,69.7,2.2
CITY OF MUNTINLUPA,3/10/2020,3,"504,509.00",46.7,10803.19058,29.1,35,80.7,23.4
CITY OF MUNTINLUPA,3/7/2020,2,"504,509.00",46.7,10803.19058,28.7,17,72.8,3.6
CITY OF MUNTINLUPA,3/17/2020,7,"504,509.00",46.7,10803.19058,26.6,10,73,3.1
CITY OF MUNTINLUPA,3/20/2020,1,"504,509.00",46.7,10803.19058,28.6,11,73.2,3.2
CITY OF MUNTINLUPA,5/3/2020,1,"504,509.00",46.7,10803.19058,29.5,11,73.8,3.1
CITY OF MUNTINLUPA,4/2/2020,1,"504,509.00",46.7,10803.19058,29.1,11,65.2,2
CITY OF MUNTINLUPA,3/26/2020,1,"504,509.00",46.7,10803.19058,28.8,12,64.5,2.3
CITY OF MUNTINLUPA,4/29/2020,2,"504,509.00",46.7,10803.19058,30,9,67.8,3.7
CITY OF MUNTINLUPA,3/16/2020,5,"504,509.00",46.7,10803.19058,27,8,74,4.7
CITY OF MUNTINLUPA,3/29/2020,3,"504,509.00",46.7,10803.19058,29.7,13,66.3,2.8
CITY OF MUNTINLUPA,3/27/2020,5,"504,509.00",46.7,10803.19058,28.8,12,70.5,2.8
CITY OF MUNTINLUPA,3/15/2020,3,"504,509.00",46.7,10803.19058,27.7,11,70,3.4
CITY OF MUNTINLUPA,3/13/2020,3,"504,509.00",46.7,10803.19058,29.1,14,64.8,4.7
CITY OF MUNTINLUPA,4/15/2020,2,"504,509.00",46.7,10803.19058,29,16,74,3.7
CITY OF MUNTINLUPA,4/7/2020,3,"504,509.00",46.7,10803.19058,29.4,18,70.5,3.7
CITY OF MUNTINLUPA,4/28/2020,2,"504,509.00",46.7,10803.19058,29.5,14,68,5.1
CITY OF MUNTINLUPA,2/28/2020,1,"504,509.00",46.7,10803.19058,27.2,8,66.7,2.3
CITY OF MUNTINLUPA,4/18/2020,2,"504,509.00",46.7,10803.19058,28.8,9,74,3.7
CITY OF MUNTINLUPA,4/10/2020,6,"504,509.00",46.7,10803.19058,28.8,7,72.8,2.3
CITY OF MUNTINLUPA,3/28/2020,4,"504,509.00",46.7,10803.19058,29.3,15,68.1,3.2
CITY OF MUNTINLUPA,4/27/2020,3,"504,509.00",46.7,10803.19058,29.9,6,72.7,4.2
CITY OF MUNTINLUPA,3/4/2020,1,"504,509.00",46.7,10803.19058,26.1,10,77.5,3.8
CITY OF MUNTINLUPA,3/9/2020,1,"504,509.00",46.7,10803.19058,28.6,20,78.7,10.1
CITY OF MUNTINLUPA,3/18/2020,9,"504,509.00",46.7,10803.19058,27.3,11,69,1.6
CITY OF MUNTINLUPA,4/1/2020,3,"504,509.00",46.7,10803.19058,29.8,15,66.7,2.4
CITY OF MUNTINLUPA,5/2/2020,1,"504,509.00",46.7,10803.19058,30.5,10,64.2,5.2
CITY OF MUNTINLUPA,4/6/2020,4,"504,509.00",46.7,10803.19058,29.1,13,67.1,6
CITY OF MUNTINLUPA,3/23/2020,1,"504,509.00",46.7,10803.19058,28.6,12,68.7,1.9
CITY OF MUNTINLUPA,4/14/2020,3,"504,509.00",46.7,10803.19058,27.7,7,72.6,3.2
CITY OF MUNTINLUPA,3/8/2020,1,"504,509.00",46.7,10803.19058,28.8,12,78,5
CITY OF MUNTINLUPA,4/24/2020,1,"504,509.00",46.7,10803.19058,30.4,16,66.1,6
CITY OF MUNTINLUPA,4/3/2020,2,"504,509.00",46.7,10803.19058,29.1,13,61.6,1.9
CITY OF MUNTINLUPA,5/12/2020,1,"504,509.00",46.7,10803.19058,30.8,30,72.5,4.6
CITY OF MUNTINLUPA,4/22/2020,5,"504,509.00",46.7,10803.19058,30.8,27,65.2,4.6
CITY OF MUNTINLUPA,3/14/2020,3,"504,509.00",46.7,10803.19058,28.8,16,70,4.8
CITY OF MUNTINLUPA,4/19/2020,1,"504,509.00",46.7,10803.19058,30,10,68.3,4.6
CITY OF MUNTINLUPA,4/20/2020,2,"504,509.00",46.7,10803.19058,30.3,13,68,4.6
CITY OF MUNTINLUPA,3/21/2020,5,"504,509.00",46.7,10803.19058,29,19,68.5,2.8
CITY OF MUNTINLUPA,3/22/2020,2,"504,509.00",46.7,10803.19058,29,7,69.2,1.4
CITY OF MUNTINLUPA,3/6/2020,1,"504,509.00",46.7,10803.19058,28,12,69.2,2
CITY OF MUNTINLUPA,4/4/2020,4,"504,509.00",46.7,10803.19058,28.7,13,64.2,3.2
CITY OF MUNTINLUPA,3/25/2020,1,"504,509.00",46.7,10803.19058,28,9,64,1.9
CITY OF MUNTINLUPA,4/8/2020,1,"504,509.00",46.7,10803.19058,29.1,20,70.5,6.4
CITY OF MUNTINLUPA,4/9/2020,4,"504,509.00",46.7,10803.19058,29.8,10,71,3.7
CITY OF MUNTINLUPA,4/11/2020,2,"504,509.00",46.7,10803.19058,29,10,72.7,3.2
CITY OF MUNTINLUPA,5/1/2020,1,"504,509.00",46.7,10803.19058,30.2,11,66.2,4.6
CITY OF MUNTINLUPA,4/12/2020,5,"504,509.00",46.7,10803.19058,28.7,19,77,4.4
CITY OF MUNTINLUPA,3/24/2020,1,"504,509.00",46.7,10803.19058,28,9,69.2,2.2
CITY OF MUNTINLUPA,4/16/2020,1,"504,509.00",46.7,10803.19058,29.2,19,75,6
CITY OF MUNTINLUPA,4/5/2020,2,"504,509.00",46.7,10803.19058,29.2,19,64.2,5.5
CITY OF MUNTINLUPA,3/3/2020,2,"504,509.00",46.7,10803.19058,25.4,4,75.2,2.1
CITY OF NAVOTAS,4/14/2020,1,"249,463.00",10.77,23162.76695,27.7,7,72.6,3.2
CITY OF NAVOTAS,3/21/2020,1,"249,463.00",10.77,23162.76695,29,19,68.5,2.8
CITY OF NAVOTAS,5/9/2020,1,"249,463.00",10.77,23162.76695,30,22,75.3,3.7
CITY OF NAVOTAS,4/1/2020,2,"249,463.00",10.77,23162.76695,29.8,15,66.7,2.4
CITY OF NAVOTAS,3/26/2020,1,"249,463.00",10.77,23162.76695,28.8,12,64.5,2.3
CITY OF NAVOTAS,4/12/2020,1,"249,463.00",10.77,23162.76695,28.7,19,77,4.4
CITY OF NAVOTAS,4/22/2020,1,"249,463.00",10.77,23162.76695,30.8,27,65.2,4.6
CITY OF NAVOTAS,5/1/2020,1,"249,463.00",10.77,23162.76695,30.2,11,66.2,4.6
CITY OF NAVOTAS,4/25/2020,1,"249,463.00",10.77,23162.76695,30,9,70,5.1
CITY OF NAVOTAS,4/15/2020,2,"249,463.00",10.77,23162.76695,29,16,74,3.7
CITY OF NAVOTAS,4/2/2020,1,"249,463.00",10.77,23162.76695,29.1,11,65.2,2
CITY OF NAVOTAS,4/24/2020,1,"249,463.00",10.77,23162.76695,30.4,16,66.1,6
CITY OF NAVOTAS,4/28/2020,1,"249,463.00",10.77,23162.76695,29.5,14,68,5.1
CITY OF NAVOTAS,4/26/2020,1,"249,463.00",10.77,23162.76695,30.2,9,69.7,4.6
CITY OF NAVOTAS,4/4/2020,1,"249,463.00",10.77,23162.76695,28.7,13,64.2,3.2
CITY OF NAVOTAS,4/5/2020,1,"249,463.00",10.77,23162.76695,29.2,19,64.2,5.5
CITY OF NAVOTAS,3/30/2020,1,"249,463.00",10.77,23162.76695,29.3,18,64,2.3
CITY OF NAVOTAS,4/18/2020,1,"249,463.00",10.77,23162.76695,28.8,9,74,3.7
CITY OF NAVOTAS,3/15/2020,1,"249,463.00",10.77,23162.76695,27.7,11,70,3.4
CITY OF NAVOTAS,4/27/2020,2,"249,463.00",10.77,23162.76695,29.9,6,72.7,4.2
CITY OF NAVOTAS,4/20/2020,3,"249,463.00",10.77,23162.76695,30.3,13,68,4.6
CITY OF NAVOTAS,5/2/2020,1,"249,463.00",10.77,23162.76695,30.5,10,64.2,5.2
CITY OF NAVOTAS,5/17/2020,1,"249,463.00",10.77,23162.76695,30.3,39,77,4.6
CITY OF NAVOTAS,3/27/2020,1,"249,463.00",10.77,23162.76695,28.8,12,70.5,2.8
CITY OF PARAÑAQUE,4/8/2020,14,"665,822.00",46.47,14327.99656,29.1,20,70.5,6.4
CITY OF PARAÑAQUE,5/2/2020,1,"665,822.00",46.47,14327.99656,30.5,10,64.2,5.2
CITY OF PARAÑAQUE,5/9/2020,1,"665,822.00",46.47,14327.99656,30,22,75.3,3.7
CITY OF PARAÑAQUE,4/16/2020,3,"665,822.00",46.47,14327.99656,29.2,19,75,6
CITY OF PARAÑAQUE,4/4/2020,9,"665,822.00",46.47,14327.99656,28.7,13,64.2,3.2
CITY OF PARAÑAQUE,4/1/2020,10,"665,822.00",46.47,14327.99656,29.8,15,66.7,2.4
CITY OF PARAÑAQUE,3/23/2020,16,"665,822.00",46.47,14327.99656,28.6,12,68.7,1.9
CITY OF PARAÑAQUE,3/16/2020,11,"665,822.00",46.47,14327.99656,27,8,74,4.7
CITY OF PARAÑAQUE,3/22/2020,11,"665,822.00",46.47,14327.99656,29,7,69.2,1.4
CITY OF PARAÑAQUE,3/6/2020,1,"665,822.00",46.47,14327.99656,28,12,69.2,2
CITY OF PARAÑAQUE,3/7/2020,4,"665,822.00",46.47,14327.99656,28.7,17,72.8,3.6
CITY OF PARAÑAQUE,3/27/2020,12,"665,822.00",46.47,14327.99656,28.8,12,70.5,2.8
CITY OF PARAÑAQUE,4/21/2020,3,"665,822.00",46.47,14327.99656,30.5,9,66.8,4.4
CITY OF PARAÑAQUE,3/2/2020,2,"665,822.00",46.47,14327.99656,27,8,66.5,5.9
CITY OF PARAÑAQUE,3/14/2020,8,"665,822.00",46.47,14327.99656,28.8,16,70,4.8
CITY OF PARAÑAQUE,4/30/2020,1,"665,822.00",46.47,14327.99656,29.7,8,67.5,3.1
CITY OF PARAÑAQUE,4/22/2020,4,"665,822.00",46.47,14327.99656,30.8,27,65.2,4.6
CITY OF PARAÑAQUE,4/13/2020,3,"665,822.00",46.47,14327.99656,28.6,17,73.6,5.1
CITY OF PARAÑAQUE,4/17/2020,1,"665,822.00",46.47,14327.99656,29.6,11,71.5,3.7
CITY OF PARAÑAQUE,5/1/2020,4,"665,822.00",46.47,14327.99656,30.2,11,66.2,4.6
CITY OF PARAÑAQUE,3/28/2020,10,"665,822.00",46.47,14327.99656,29.3,15,68.1,3.2
CITY OF PARAÑAQUE,4/18/2020,4,"665,822.00",46.47,14327.99656,28.8,9,74,3.7
CITY OF PARAÑAQUE,4/7/2020,11,"665,822.00",46.47,14327.99656,29.4,18,70.5,3.7
CITY OF PARAÑAQUE,4/19/2020,4,"665,822.00",46.47,14327.99656,30,10,68.3,4.6
CITY OF PARAÑAQUE,4/5/2020,11,"665,822.00",46.47,14327.99656,29.2,19,64.2,5.5
CITY OF PARAÑAQUE,4/28/2020,4,"665,822.00",46.47,14327.99656,29.5,14,68,5.1
CITY OF PARAÑAQUE,4/27/2020,1,"665,822.00",46.47,14327.99656,29.9,6,72.7,4.2
CITY OF PARAÑAQUE,2/29/2020,2,"665,822.00",46.47,14327.99656,27.2,7,68.2,3.6
CITY OF PARAÑAQUE,3/3/2020,1,"665,822.00",46.47,14327.99656,25.4,4,75.2,2.1
CITY OF PARAÑAQUE,3/15/2020,10,"665,822.00",46.47,14327.99656,27.7,11,70,3.4
CITY OF PARAÑAQUE,3/4/2020,3,"665,822.00",46.47,14327.99656,26.1,10,77.5,3.8
CITY OF PARAÑAQUE,3/30/2020,8,"665,822.00",46.47,14327.99656,29.3,18,64,2.3
CITY OF PARAÑAQUE,3/20/2020,16,"665,822.00",46.47,14327.99656,28.6,11,73.2,3.2
CITY OF PARAÑAQUE,3/25/2020,8,"665,822.00",46.47,14327.99656,28,9,64,1.9
CITY OF PARAÑAQUE,4/11/2020,1,"665,822.00",46.47,14327.99656,29,10,72.7,3.2
CITY OF PARAÑAQUE,4/2/2020,5,"665,822.00",46.47,14327.99656,29.1,11,65.2,2
CITY OF PARAÑAQUE,3/18/2020,11,"665,822.00",46.47,14327.99656,27.3,11,69,1.6
CITY OF PARAÑAQUE,4/6/2020,8,"665,822.00",46.47,14327.99656,29.1,13,67.1,6
CITY OF PARAÑAQUE,3/21/2020,8,"665,822.00",46.47,14327.99656,29,19,68.5,2.8
CITY OF PARAÑAQUE,3/24/2020,15,"665,822.00",46.47,14327.99656,28,9,69.2,2.2
CITY OF PARAÑAQUE,4/12/2020,2,"665,822.00",46.47,14327.99656,28.7,19,77,4.4
CITY OF PARAÑAQUE,4/9/2020,10,"665,822.00",46.47,14327.99656,29.8,10,71,3.7
CITY OF PARAÑAQUE,2/17/2020,1,"665,822.00",46.47,14327.99656,25.9,8,76.5,9.2
CITY OF PARAÑAQUE,4/10/2020,4,"665,822.00",46.47,14327.99656,28.8,7,72.8,2.3
CITY OF PARAÑAQUE,3/12/2020,9,"665,822.00",46.47,14327.99656,28.6,15,64.8,3.5
CITY OF PARAÑAQUE,5/12/2020,1,"665,822.00",46.47,14327.99656,30.8,30,72.5,4.6
CITY OF PARAÑAQUE,5/5/2020,1,"665,822.00",46.47,14327.99656,31.5,10,69.2,3.2
CITY OF PARAÑAQUE,4/14/2020,4,"665,822.00",46.47,14327.99656,27.7,7,72.6,3.2
CITY OF PARAÑAQUE,3/8/2020,2,"665,822.00",46.47,14327.99656,28.8,12,78,5
CITY OF PARAÑAQUE,3/13/2020,9,"665,822.00",46.47,14327.99656,29.1,14,64.8,4.7
CITY OF PARAÑAQUE,4/3/2020,10,"665,822.00",46.47,14327.99656,29.1,13,61.6,1.9
CITY OF PARAÑAQUE,4/15/2020,8,"665,822.00",46.47,14327.99656,29,16,74,3.7
CITY OF PARAÑAQUE,3/9/2020,4,"665,822.00",46.47,14327.99656,28.6,20,78.7,10.1
CITY OF PARAÑAQUE,3/17/2020,8,"665,822.00",46.47,14327.99656,26.6,10,73,3.1
CITY OF PARAÑAQUE,3/29/2020,11,"665,822.00",46.47,14327.99656,29.7,13,66.3,2.8
CITY OF PARAÑAQUE,3/19/2020,6,"665,822.00",46.47,14327.99656,28.6,25,70.8,1.4
CITY OF PARAÑAQUE,5/4/2020,2,"665,822.00",46.47,14327.99656,31.3,8,71.3,5.5
CITY OF PARAÑAQUE,3/5/2020,1,"665,822.00",46.47,14327.99656,27.4,12,68,3.2
CITY OF PARAÑAQUE,3/31/2020,6,"665,822.00",46.47,14327.99656,31.9,11,56.2,2.3
CITY OF PARAÑAQUE,3/10/2020,5,"665,822.00",46.47,14327.99656,29.1,35,80.7,23.4
CITY OF PARAÑAQUE,4/26/2020,2,"665,822.00",46.47,14327.99656,30.2,9,69.7,4.6
CITY OF PARAÑAQUE,3/11/2020,7,"665,822.00",46.47,14327.99656,28.3,17,74.2,5.9
CITY OF PARAÑAQUE,3/1/2020,2,"665,822.00",46.47,14327.99656,27.2,10,69.7,2.2
CITY OF PARAÑAQUE,3/26/2020,11,"665,822.00",46.47,14327.99656,28.8,12,64.5,2.3
CITY OF PARAÑAQUE,4/29/2020,2,"665,822.00",46.47,14327.99656,30,9,67.8,3.7
CITY OF PASIG,3/17/2020,8,"755,300.00",48.45,15589.26729,26.6,10,73,3.1
CITY OF PASIG,3/13/2020,11,"755,300.00",48.45,15589.26729,29.1,14,64.8,4.7
CITY OF PASIG,3/26/2020,6,"755,300.00",48.45,15589.26729,28.8,12,64.5,2.3
CITY OF PASIG,3/8/2020,2,"755,300.00",48.45,15589.26729,28.8,12,78,5
CITY OF PASIG,3/9/2020,6,"755,300.00",48.45,15589.26729,28.6,20,78.7,10.1
CITY OF PASIG,3/23/2020,1,"755,300.00",48.45,15589.26729,28.6,12,68.7,1.9
CITY OF PASIG,4/29/2020,2,"755,300.00",48.45,15589.26729,30,9,67.8,3.7
CITY OF PASIG,4/15/2020,3,"755,300.00",48.45,15589.26729,29,16,74,3.7
CITY OF PASIG,3/19/2020,6,"755,300.00",48.45,15589.26729,28.6,25,70.8,1.4
CITY OF PASIG,4/6/2020,6,"755,300.00",48.45,15589.26729,29.1,13,67.1,6
CITY OF PASIG,3/14/2020,11,"755,300.00",48.45,15589.26729,28.8,16,70,4.8
CITY OF PASIG,3/12/2020,3,"755,300.00",48.45,15589.26729,28.6,15,64.8,3.5
CITY OF PASIG,4/3/2020,7,"755,300.00",48.45,15589.26729,29.1,13,61.6,1.9
CITY OF PASIG,5/5/2020,3,"755,300.00",48.45,15589.26729,31.5,10,69.2,3.2
CITY OF PASIG,5/10/2020,2,"755,300.00",48.45,15589.26729,30.1,60,73,7.8
CITY OF PASIG,5/18/2020,1,"755,300.00",48.45,15589.26729,30.4,56,79.4,6.4
CITY OF PASIG,4/1/2020,5,"755,300.00",48.45,15589.26729,29.8,15,66.7,2.4
CITY OF PASIG,4/16/2020,5,"755,300.00",48.45,15589.26729,29.2,19,75,6
CITY OF PASIG,3/21/2020,5,"755,300.00",48.45,15589.26729,29,19,68.5,2.8
CITY OF PASIG,3/5/2020,4,"755,300.00",48.45,15589.26729,27.4,12,68,3.2
CITY OF PASIG,3/24/2020,4,"755,300.00",48.45,15589.26729,28,9,69.2,2.2
CITY OF PASIG,2/7/2020,1,"755,300.00",48.45,15589.26729,25.8,12,83.5,11
CITY OF PASIG,3/29/2020,2,"755,300.00",48.45,15589.26729,29.7,13,66.3,2.8
CITY OF PASIG,4/12/2020,3,"755,300.00",48.45,15589.26729,28.7,19,77,4.4
CITY OF PASIG,5/9/2020,1,"755,300.00",48.45,15589.26729,30,22,75.3,3.7
CITY OF PASIG,4/28/2020,2,"755,300.00",48.45,15589.26729,29.5,14,68,5.1
CITY OF PASIG,3/1/2020,4,"755,300.00",48.45,15589.26729,27.2,10,69.7,2.2
CITY OF PASIG,4/9/2020,6,"755,300.00",48.45,15589.26729,29.8,10,71,3.7
CITY OF PASIG,2/1/2020,1,"755,300.00",48.45,15589.26729,24.3,15,74,7.6
CITY OF PASIG,3/16/2020,12,"755,300.00",48.45,15589.26729,27,8,74,4.7
CITY OF PASIG,4/25/2020,3,"755,300.00",48.45,15589.26729,30,9,70,5.1
CITY OF PASIG,5/8/2020,1,"755,300.00",48.45,15589.26729,31.9,14,69,3.7
CITY OF PASIG,4/10/2020,6,"755,300.00",48.45,15589.26729,28.8,7,72.8,2.3
CITY OF PASIG,5/12/2020,4,"755,300.00",48.45,15589.26729,30.8,30,72.5,4.6
CITY OF PASIG,3/10/2020,10,"755,300.00",48.45,15589.26729,29.1,35,80.7,23.4
CITY OF PASIG,4/27/2020,1,"755,300.00",48.45,15589.26729,29.9,6,72.7,4.2
CITY OF PASIG,4/8/2020,6,"755,300.00",48.45,15589.26729,29.1,20,70.5,6.4
CITY OF PASIG,4/30/2020,2,"755,300.00",48.45,15589.26729,29.7,8,67.5,3.1
CITY OF PASIG,3/22/2020,6,"755,300.00",48.45,15589.26729,29,7,69.2,1.4
CITY OF PASIG,3/15/2020,5,"755,300.00",48.45,15589.26729,27.7,11,70,3.4
CITY OF PASIG,3/18/2020,7,"755,300.00",48.45,15589.26729,27.3,11,69,1.6
CITY OF PASIG,4/4/2020,8,"755,300.00",48.45,15589.26729,28.7,13,64.2,3.2
CITY OF PASIG,3/4/2020,1,"755,300.00",48.45,15589.26729,26.1,10,77.5,3.8
CITY OF PASIG,5/6/2020,1,"755,300.00",48.45,15589.26729,31.3,16,72.5,5.1
CITY OF PASIG,3/30/2020,8,"755,300.00",48.45,15589.26729,29.3,18,64,2.3
CITY OF PASIG,4/20/2020,2,"755,300.00",48.45,15589.26729,30.3,13,68,4.6
CITY OF PASIG,5/3/2020,3,"755,300.00",48.45,15589.26729,29.5,11,73.8,3.1
CITY OF PASIG,3/20/2020,5,"755,300.00",48.45,15589.26729,28.6,11,73.2,3.2
CITY OF PASIG,2/26/2020,1,"755,300.00",48.45,15589.26729,26.1,15,77.1,6
CITY OF PASIG,3/25/2020,14,"755,300.00",48.45,15589.26729,28,9,64,1.9
CITY OF PASIG,5/2/2020,1,"755,300.00",48.45,15589.26729,30.5,10,64.2,5.2
CITY OF PASIG,4/2/2020,8,"755,300.00",48.45,15589.26729,29.1,11,65.2,2
CITY OF PASIG,5/1/2020,1,"755,300.00",48.45,15589.26729,30.2,11,66.2,4.6
CITY OF PASIG,4/17/2020,1,"755,300.00",48.45,15589.26729,29.6,11,71.5,3.7
CITY OF PASIG,5/16/2020,3,"755,300.00",48.45,15589.26729,28.3,26,82.7,5.1
CITY OF PASIG,3/6/2020,3,"755,300.00",48.45,15589.26729,28,12,69.2,2
CITY OF PASIG,3/3/2020,1,"755,300.00",48.45,15589.26729,25.4,4,75.2,2.1
CITY OF PASIG,4/5/2020,5,"755,300.00",48.45,15589.26729,29.2,19,64.2,5.5
CITY OF PASIG,5/4/2020,4,"755,300.00",48.45,15589.26729,31.3,8,71.3,5.5
CITY OF PASIG,3/28/2020,8,"755,300.00",48.45,15589.26729,29.3,15,68.1,3.2
CITY OF PASIG,3/7/2020,4,"755,300.00",48.45,15589.26729,28.7,17,72.8,3.6
CITY OF PASIG,5/15/2020,2,"755,300.00",48.45,15589.26729,26.7,42,90.5,6
CITY OF PASIG,4/21/2020,2,"755,300.00",48.45,15589.26729,30.5,9,66.8,4.4
CITY OF PASIG,4/7/2020,5,"755,300.00",48.45,15589.26729,29.4,18,70.5,3.7
CITY OF PASIG,3/11/2020,4,"755,300.00",48.45,15589.26729,28.3,17,74.2,5.9
CITY OF PASIG,3/2/2020,1,"755,300.00",48.45,15589.26729,27,8,66.5,5.9
CITY OF PASIG,5/7/2020,1,"755,300.00",48.45,15589.26729,30.9,14,76.7,6
CITY OF PASIG,4/13/2020,10,"755,300.00",48.45,15589.26729,28.6,17,73.6,5.1
CITY OF PASIG,3/27/2020,6,"755,300.00",48.45,15589.26729,28.8,12,70.5,2.8
CITY OF PASIG,3/31/2020,5,"755,300.00",48.45,15589.26729,31.9,11,56.2,2.3
CITY OF PASIG,4/11/2020,4,"755,300.00",48.45,15589.26729,29,10,72.7,3.2
CITY OF PASIG,4/18/2020,2,"755,300.00",48.45,15589.26729,28.8,9,74,3.7
CITY OF SAN JUAN,3/12/2020,7,"122,180.00",7.77,15724.58172,28.6,15,64.8,3.5
CITY OF SAN JUAN,4/1/2020,4,"122,180.00",7.77,15724.58172,29.8,15,66.7,2.4
CITY OF SAN JUAN,3/21/2020,5,"122,180.00",7.77,15724.58172,29,19,68.5,2.8
CITY OF SAN JUAN,3/4/2020,2,"122,180.00",7.77,15724.58172,26.1,10,77.5,3.8
CITY OF SAN JUAN,3/9/2020,7,"122,180.00",7.77,15724.58172,28.6,20,78.7,10.1
CITY OF SAN JUAN,4/2/2020,1,"122,180.00",7.77,15724.58172,29.1,11,65.2,2
CITY OF SAN JUAN,4/20/2020,1,"122,180.00",7.77,15724.58172,30.3,13,68,4.6
CITY OF SAN JUAN,3/11/2020,4,"122,180.00",7.77,15724.58172,28.3,17,74.2,5.9
CITY OF SAN JUAN,5/6/2020,1,"122,180.00",7.77,15724.58172,31.3,16,72.5,5.1
CITY OF SAN JUAN,3/15/2020,15,"122,180.00",7.77,15724.58172,27.7,11,70,3.4
CITY OF SAN JUAN,3/22/2020,3,"122,180.00",7.77,15724.58172,29,7,69.2,1.4
CITY OF SAN JUAN,3/10/2020,4,"122,180.00",7.77,15724.58172,29.1,35,80.7,23.4
CITY OF SAN JUAN,4/18/2020,1,"122,180.00",7.77,15724.58172,28.8,9,74,3.7
CITY OF SAN JUAN,4/15/2020,1,"122,180.00",7.77,15724.58172,29,16,74,3.7
CITY OF SAN JUAN,3/1/2020,2,"122,180.00",7.77,15724.58172,27.2,10,69.7,2.2
CITY OF SAN JUAN,3/28/2020,2,"122,180.00",7.77,15724.58172,29.3,15,68.1,3.2
CITY OF SAN JUAN,4/13/2020,1,"122,180.00",7.77,15724.58172,28.6,17,73.6,5.1
CITY OF SAN JUAN,4/4/2020,5,"122,180.00",7.77,15724.58172,28.7,13,64.2,3.2
CITY OF SAN JUAN,4/8/2020,1,"122,180.00",7.77,15724.58172,29.1,20,70.5,6.4
CITY OF SAN JUAN,4/7/2020,4,"122,180.00",7.77,15724.58172,29.4,18,70.5,3.7
CITY OF SAN JUAN,4/11/2020,2,"122,180.00",7.77,15724.58172,29,10,72.7,3.2
CITY OF SAN JUAN,4/5/2020,3,"122,180.00",7.77,15724.58172,29.2,19,64.2,5.5
CITY OF SAN JUAN,3/7/2020,5,"122,180.00",7.77,15724.58172,28.7,17,72.8,3.6
CITY OF SAN JUAN,3/3/2020,2,"122,180.00",7.77,15724.58172,25.4,4,75.2,2.1
CITY OF SAN JUAN,3/6/2020,4,"122,180.00",7.77,15724.58172,28,12,69.2,2
CITY OF SAN JUAN,3/18/2020,8,"122,180.00",7.77,15724.58172,27.3,11,69,1.6
CITY OF SAN JUAN,3/30/2020,3,"122,180.00",7.77,15724.58172,29.3,18,64,2.3
CITY OF SAN JUAN,3/16/2020,4,"122,180.00",7.77,15724.58172,27,8,74,4.7
CITY OF SAN JUAN,3/20/2020,7,"122,180.00",7.77,15724.58172,28.6,11,73.2,3.2
CITY OF SAN JUAN,3/25/2020,1,"122,180.00",7.77,15724.58172,28,9,64,1.9
CITY OF SAN JUAN,3/5/2020,7,"122,180.00",7.77,15724.58172,27.4,12,68,3.2
CITY OF SAN JUAN,4/28/2020,1,"122,180.00",7.77,15724.58172,29.5,14,68,5.1
CITY OF SAN JUAN,3/17/2020,7,"122,180.00",7.77,15724.58172,26.6,10,73,3.1
CITY OF SAN JUAN,2/26/2020,1,"122,180.00",7.77,15724.58172,26.1,15,77.1,6
CITY OF SAN JUAN,3/31/2020,1,"122,180.00",7.77,15724.58172,31.9,11,56.2,2.3
CITY OF SAN JUAN,3/26/2020,2,"122,180.00",7.77,15724.58172,28.8,12,64.5,2.3
CITY OF SAN JUAN,4/17/2020,2,"122,180.00",7.77,15724.58172,29.6,11,71.5,3.7
CITY OF SAN JUAN,2/27/2020,1,"122,180.00",7.77,15724.58172,26.3,7,67,4.1
CITY OF SAN JUAN,3/19/2020,9,"122,180.00",7.77,15724.58172,28.6,25,70.8,1.4
CITY OF SAN JUAN,3/13/2020,7,"122,180.00",7.77,15724.58172,29.1,14,64.8,4.7
CITY OF SAN JUAN,4/25/2020,2,"122,180.00",7.77,15724.58172,30,9,70,5.1
CITY OF SAN JUAN,3/2/2020,2,"122,180.00",7.77,15724.58172,27,8,66.5,5.9
CITY OF SAN JUAN,4/9/2020,2,"122,180.00",7.77,15724.58172,29.8,10,71,3.7
CITY OF SAN JUAN,3/24/2020,5,"122,180.00",7.77,15724.58172,28,9,69.2,2.2
CITY OF SAN JUAN,3/23/2020,5,"122,180.00",7.77,15724.58172,28.6,12,68.7,1.9
CITY OF SAN JUAN,3/14/2020,7,"122,180.00",7.77,15724.58172,28.8,16,70,4.8
CITY OF SAN JUAN,3/29/2020,4,"122,180.00",7.77,15724.58172,29.7,13,66.3,2.8
CITY OF SAN JUAN,3/8/2020,8,"122,180.00",7.77,15724.58172,28.8,12,78,5
CITY OF SAN JUAN,4/22/2020,1,"122,180.00",7.77,15724.58172,30.8,27,65.2,4.6
CITY OF SAN JUAN,4/3/2020,3,"122,180.00",7.77,15724.58172,29.1,13,61.6,1.9
CITY OF SAN JUAN,3/27/2020,2,"122,180.00",7.77,15724.58172,28.8,12,70.5,2.8
CITY OF SAN JUAN,4/16/2020,1,"122,180.00",7.77,15724.58172,29.2,19,75,6
CITY OF SAN JUAN,4/6/2020,1,"122,180.00",7.77,15724.58172,29.1,13,67.1,6
CITY OF VALENZUELA,3/17/2020,1,"620,422.00",47.02,13194.85325,26.6,10,73,3.1
CITY OF VALENZUELA,4/12/2020,3,"620,422.00",47.02,13194.85325,28.7,19,77,4.4
CITY OF VALENZUELA,4/9/2020,3,"620,422.00",47.02,13194.85325,29.8,10,71,3.7
CITY OF VALENZUELA,5/4/2020,1,"620,422.00",47.02,13194.85325,31.3,8,71.3,5.5
CITY OF VALENZUELA,3/25/2020,1,"620,422.00",47.02,13194.85325,28,9,64,1.9
CITY OF VALENZUELA,3/21/2020,2,"620,422.00",47.02,13194.85325,29,19,68.5,2.8
CITY OF VALENZUELA,3/11/2020,1,"620,422.00",47.02,13194.85325,28.3,17,74.2,5.9
CITY OF VALENZUELA,3/24/2020,2,"620,422.00",47.02,13194.85325,28,9,69.2,2.2
CITY OF VALENZUELA,2/8/2020,1,"620,422.00",47.02,13194.85325,26.2,5,83.4,9.2
CITY OF VALENZUELA,4/2/2020,3,"620,422.00",47.02,13194.85325,29.1,11,65.2,2
CITY OF VALENZUELA,5/16/2020,1,"620,422.00",47.02,13194.85325,28.3,26,82.7,5.1
CITY OF VALENZUELA,4/6/2020,3,"620,422.00",47.02,13194.85325,29.1,13,67.1,6
CITY OF VALENZUELA,4/20/2020,1,"620,422.00",47.02,13194.85325,30.3,13,68,4.6
CITY OF VALENZUELA,4/17/2020,1,"620,422.00",47.02,13194.85325,29.6,11,71.5,3.7
CITY OF VALENZUELA,4/3/2020,1,"620,422.00",47.02,13194.85325,29.1,13,61.6,1.9
CITY OF VALENZUELA,4/15/2020,2,"620,422.00",47.02,13194.85325,29,16,74,3.7
CITY OF VALENZUELA,3/18/2020,2,"620,422.00",47.02,13194.85325,27.3,11,69,1.6
CITY OF VALENZUELA,5/1/2020,2,"620,422.00",47.02,13194.85325,30.2,11,66.2,4.6
CITY OF VALENZUELA,4/18/2020,1,"620,422.00",47.02,13194.85325,28.8,9,74,3.7
CITY OF VALENZUELA,3/31/2020,3,"620,422.00",47.02,13194.85325,31.9,11,56.2,2.3
CITY OF VALENZUELA,3/15/2020,2,"620,422.00",47.02,13194.85325,27.7,11,70,3.4
CITY OF VALENZUELA,3/28/2020,1,"620,422.00",47.02,13194.85325,29.3,15,68.1,3.2
CITY OF VALENZUELA,4/11/2020,1,"620,422.00",47.02,13194.85325,29,10,72.7,3.2
CITY OF VALENZUELA,3/13/2020,1,"620,422.00",47.02,13194.85325,29.1,14,64.8,4.7
CITY OF VALENZUELA,4/14/2020,1,"620,422.00",47.02,13194.85325,27.7,7,72.6,3.2
CITY OF VALENZUELA,4/10/2020,1,"620,422.00",47.02,13194.85325,28.8,7,72.8,2.3
CITY OF VALENZUELA,3/3/2020,1,"620,422.00",47.02,13194.85325,25.4,4,75.2,2.1
CITY OF VALENZUELA,3/30/2020,2,"620,422.00",47.02,13194.85325,29.3,18,64,2.3
CITY OF VALENZUELA,4/7/2020,3,"620,422.00",47.02,13194.85325,29.4,18,70.5,3.7
CITY OF VALENZUELA,4/16/2020,1,"620,422.00",47.02,13194.85325,29.2,19,75,6
CITY OF VALENZUELA,3/4/2020,1,"620,422.00",47.02,13194.85325,26.1,10,77.5,3.8
CITY OF VALENZUELA,5/2/2020,3,"620,422.00",47.02,13194.85325,30.5,10,64.2,5.2
CITY OF VALENZUELA,3/14/2020,2,"620,422.00",47.02,13194.85325,28.8,16,70,4.8
CITY OF VALENZUELA,3/27/2020,2,"620,422.00",47.02,13194.85325,28.8,12,70.5,2.8
CITY OF VALENZUELA,3/16/2020,1,"620,422.00",47.02,13194.85325,27,8,74,4.7
CITY OF VALENZUELA,3/26/2020,3,"620,422.00",47.02,13194.85325,28.8,12,64.5,2.3
CITY OF VALENZUELA,3/10/2020,1,"620,422.00",47.02,13194.85325,29.1,35,80.7,23.4
CITY OF VALENZUELA,5/9/2020,1,"620,422.00",47.02,13194.85325,30,22,75.3,3.7
CITY OF VALENZUELA,3/23/2020,1,"620,422.00",47.02,13194.85325,28.6,12,68.7,1.9
CITY OF VALENZUELA,4/8/2020,2,"620,422.00",47.02,13194.85325,29.1,20,70.5,6.4
CITY OF VALENZUELA,4/1/2020,3,"620,422.00",47.02,13194.85325,29.8,15,66.7,2.4
CITY OF VALENZUELA,4/28/2020,1,"620,422.00",47.02,13194.85325,29.5,14,68,5.1
CITY OF VALENZUELA,3/29/2020,5,"620,422.00",47.02,13194.85325,29.7,13,66.3,2.8
PASAY CITY,4/18/2020,10,"416,522.00",18.5,22514.7027,28.8,9,74,3.7
PASAY CITY,3/9/2020,2,"416,522.00",18.5,22514.7027,28.6,20,78.7,10.1
PASAY CITY,3/21/2020,3,"416,522.00",18.5,22514.7027,29,19,68.5,2.8
PASAY CITY,4/3/2020,4,"416,522.00",18.5,22514.7027,29.1,13,61.6,1.9
PASAY CITY,3/12/2020,2,"416,522.00",18.5,22514.7027,28.6,15,64.8,3.5
PASAY CITY,3/14/2020,2,"416,522.00",18.5,22514.7027,28.8,16,70,4.8
PASAY CITY,4/6/2020,8,"416,522.00",18.5,22514.7027,29.1,13,67.1,6
PASAY CITY,4/26/2020,1,"416,522.00",18.5,22514.7027,30.2,9,69.7,4.6
PASAY CITY,4/27/2020,7,"416,522.00",18.5,22514.7027,29.9,6,72.7,4.2
PASAY CITY,3/28/2020,5,"416,522.00",18.5,22514.7027,29.3,15,68.1,3.2
PASAY CITY,5/7/2020,1,"416,522.00",18.5,22514.7027,30.9,14,76.7,6
PASAY CITY,3/22/2020,8,"416,522.00",18.5,22514.7027,29,7,69.2,1.4
PASAY CITY,3/18/2020,4,"416,522.00",18.5,22514.7027,27.3,11,69,1.6
PASAY CITY,5/2/2020,1,"416,522.00",18.5,22514.7027,30.5,10,64.2,5.2
PASAY CITY,5/11/2020,4,"416,522.00",18.5,22514.7027,31.5,50,69.7,5.5
PASAY CITY,4/4/2020,3,"416,522.00",18.5,22514.7027,28.7,13,64.2,3.2
PASAY CITY,4/15/2020,8,"416,522.00",18.5,22514.7027,29,16,74,3.7
PASAY CITY,3/24/2020,5,"416,522.00",18.5,22514.7027,28,9,69.2,2.2
PASAY CITY,3/27/2020,1,"416,522.00",18.5,22514.7027,28.8,12,70.5,2.8
PASAY CITY,5/9/2020,3,"416,522.00",18.5,22514.7027,30,22,75.3,3.7
PASAY CITY,3/29/2020,1,"416,522.00",18.5,22514.7027,29.7,13,66.3,2.8
PASAY CITY,4/22/2020,1,"416,522.00",18.5,22514.7027,30.8,27,65.2,4.6
PASAY CITY,4/9/2020,5,"416,522.00",18.5,22514.7027,29.8,10,71,3.7
PASAY CITY,5/8/2020,2,"416,522.00",18.5,22514.7027,31.9,14,69,3.7
PASAY CITY,4/1/2020,3,"416,522.00",18.5,22514.7027,29.8,15,66.7,2.4
PASAY CITY,4/25/2020,3,"416,522.00",18.5,22514.7027,30,9,70,5.1
PASAY CITY,4/12/2020,4,"416,522.00",18.5,22514.7027,28.7,19,77,4.4
PASAY CITY,5/10/2020,7,"416,522.00",18.5,22514.7027,30.1,60,73,7.8
PASAY CITY,5/12/2020,1,"416,522.00",18.5,22514.7027,30.8,30,72.5,4.6
PASAY CITY,5/5/2020,4,"416,522.00",18.5,22514.7027,31.5,10,69.2,3.2
PASAY CITY,4/14/2020,3,"416,522.00",18.5,22514.7027,27.7,7,72.6,3.2
PASAY CITY,3/23/2020,6,"416,522.00",18.5,22514.7027,28.6,12,68.7,1.9
PASAY CITY,3/13/2020,4,"416,522.00",18.5,22514.7027,29.1,14,64.8,4.7
PASAY CITY,5/15/2020,2,"416,522.00",18.5,22514.7027,26.7,42,90.5,6
PASAY CITY,4/24/2020,3,"416,522.00",18.5,22514.7027,30.4,16,66.1,6
PASAY CITY,4/10/2020,4,"416,522.00",18.5,22514.7027,28.8,7,72.8,2.3
PASAY CITY,5/17/2020,2,"416,522.00",18.5,22514.7027,30.3,39,77,4.6
PASAY CITY,3/19/2020,2,"416,522.00",18.5,22514.7027,28.6,25,70.8,1.4
PASAY CITY,4/7/2020,10,"416,522.00",18.5,22514.7027,29.4,18,70.5,3.7
PASAY CITY,4/30/2020,5,"416,522.00",18.5,22514.7027,29.7,8,67.5,3.1
PASAY CITY,3/30/2020,8,"416,522.00",18.5,22514.7027,29.3,18,64,2.3
PASAY CITY,3/15/2020,1,"416,522.00",18.5,22514.7027,27.7,11,70,3.4
PASAY CITY,3/20/2020,7,"416,522.00",18.5,22514.7027,28.6,11,73.2,3.2
PASAY CITY,4/16/2020,5,"416,522.00",18.5,22514.7027,29.2,19,75,6
PASAY CITY,4/2/2020,7,"416,522.00",18.5,22514.7027,29.1,11,65.2,2
PASAY CITY,3/5/2020,1,"416,522.00",18.5,22514.7027,27.4,12,68,3.2
PASAY CITY,3/25/2020,5,"416,522.00",18.5,22514.7027,28,9,64,1.9
PASAY CITY,3/26/2020,5,"416,522.00",18.5,22514.7027,28.8,12,64.5,2.3
PASAY CITY,3/17/2020,4,"416,522.00",18.5,22514.7027,26.6,10,73,3.1
PASAY CITY,3/10/2020,6,"416,522.00",18.5,22514.7027,29.1,35,80.7,23.4
PASAY CITY,5/4/2020,5,"416,522.00",18.5,22514.7027,31.3,8,71.3,5.5
PASAY CITY,2/25/2020,1,"416,522.00",18.5,22514.7027,25.5,6,75,3.4
PASAY CITY,3/11/2020,2,"416,522.00",18.5,22514.7027,28.3,17,74.2,5.9
PASAY CITY,4/29/2020,3,"416,522.00",18.5,22514.7027,30,9,67.8,3.7
PASAY CITY,3/31/2020,4,"416,522.00",18.5,22514.7027,31.9,11,56.2,2.3
PASAY CITY,4/28/2020,4,"416,522.00",18.5,22514.7027,29.5,14,68,5.1
PASAY CITY,4/21/2020,2,"416,522.00",18.5,22514.7027,30.5,9,66.8,4.4
PASAY CITY,4/20/2020,2,"416,522.00",18.5,22514.7027,30.3,13,68,4.6
PASAY CITY,3/16/2020,6,"416,522.00",18.5,22514.7027,27,8,74,4.7
PASAY CITY,5/1/2020,4,"416,522.00",18.5,22514.7027,30.2,11,66.2,4.6
PASAY CITY,5/3/2020,5,"416,522.00",18.5,22514.7027,29.5,11,73.8,3.1
PASAY CITY,5/6/2020,6,"416,522.00",18.5,22514.7027,31.3,16,72.5,5.1
PASAY CITY,4/5/2020,7,"416,522.00",18.5,22514.7027,29.2,19,64.2,5.5
PASAY CITY,4/8/2020,7,"416,522.00",18.5,22514.7027,29.1,20,70.5,6.4
PASAY CITY,3/7/2020,1,"416,522.00",18.5,22514.7027,28.7,17,72.8,3.6
PASAY CITY,4/11/2020,2,"416,522.00",18.5,22514.7027,29,10,72.7,3.2
PASAY CITY,3/6/2020,1,"416,522.00",18.5,22514.7027,28,12,69.2,2
PASAY CITY,4/19/2020,1,"416,522.00",18.5,22514.7027,30,10,68.3,4.6
PASAY CITY,4/17/2020,1,"416,522.00",18.5,22514.7027,29.6,11,71.5,3.7
PATEROS,3/28/2020,1,"416,522.00",18.5,22514.7027,29.3,15,68.1,3.2
PATEROS,4/13/2020,1,"416,522.00",18.5,22514.7027,28.6,17,73.6,5.1
PATEROS,5/15/2020,1,"416,522.00",18.5,22514.7027,26.7,42,90.5,6
PATEROS,4/9/2020,1,"416,522.00",18.5,22514.7027,29.8,10,71,3.7
PATEROS,4/12/2020,1,"416,522.00",18.5,22514.7027,28.7,19,77,4.4
PATEROS,4/26/2020,1,"416,522.00",18.5,22514.7027,30.2,9,69.7,4.6
PATEROS,4/11/2020,1,"416,522.00",18.5,22514.7027,29,10,72.7,3.2
PATEROS,3/26/2020,3,"416,522.00",18.5,22514.7027,28.8,12,64.5,2.3
PATEROS,3/21/2020,1,"416,522.00",18.5,22514.7027,29,19,68.5,2.8
PATEROS,3/24/2020,2,"416,522.00",18.5,22514.7027,28,9,69.2,2.2
PATEROS,3/13/2020,1,"416,522.00",18.5,22514.7027,29.1,14,64.8,4.7
PATEROS,3/9/2020,1,"416,522.00",18.5,22514.7027,28.6,20,78.7,10.1
PATEROS,4/14/2020,1,"416,522.00",18.5,22514.7027,27.7,7,72.6,3.2
PATEROS,5/18/2020,1,"416,522.00",18.5,22514.7027,30.4,56,79.4,6.4
PATEROS,3/20/2020,2,"416,522.00",18.5,22514.7027,28.6,11,73.2,3.2
PATEROS,3/18/2020,1,"416,522.00",18.5,22514.7027,27.3,11,69,1.6
PATEROS,3/6/2020,1,"416,522.00",18.5,22514.7027,28,12,69.2,2
PATEROS,3/7/2020,1,"416,522.00",18.5,22514.7027,28.7,17,72.8,3.6
PATEROS,4/3/2020,1,"416,522.00",18.5,22514.7027,29.1,13,61.6,1.9
PATEROS,3/30/2020,1,"416,522.00",18.5,22514.7027,29.3,18,64,2.3
QUEZON CITY,3/1/2020,7,"2,761,720.00",166.2,16616.84717,27.2,10,69.7,2.2
QUEZON CITY,3/2/2020,3,"2,761,720.00",166.2,16616.84717,27,8,66.5,5.9
QUEZON CITY,4/26/2020,4,"2,761,720.00",166.2,16616.84717,30.2,9,69.7,4.6
QUEZON CITY,2/28/2020,3,"2,761,720.00",166.2,16616.84717,27.2,8,66.7,2.3
QUEZON CITY,2/29/2020,6,"2,761,720.00",166.2,16616.84717,27.2,7,68.2,3.6
QUEZON CITY,4/17/2020,11,"2,761,720.00",166.2,16616.84717,29.6,11,71.5,3.7
QUEZON CITY,2/25/2020,2,"2,761,720.00",166.2,16616.84717,25.5,6,75,3.4
QUEZON CITY,5/18/2020,2,"2,761,720.00",166.2,16616.84717,30.4,56,79.4,6.4
QUEZON CITY,3/6/2020,13,"2,761,720.00",166.2,16616.84717,28,12,69.2,2
QUEZON CITY,2/26/2020,1,"2,761,720.00",166.2,16616.84717,26.1,15,77.1,6
QUEZON CITY,3/29/2020,24,"2,761,720.00",166.2,16616.84717,29.7,13,66.3,2.8
QUEZON CITY,5/17/2020,2,"2,761,720.00",166.2,16616.84717,30.3,39,77,4.6
QUEZON CITY,5/11/2020,3,"2,761,720.00",166.2,16616.84717,31.5,50,69.7,5.5
QUEZON CITY,5/12/2020,5,"2,761,720.00",166.2,16616.84717,30.8,30,72.5,4.6
QUEZON CITY,3/4/2020,5,"2,761,720.00",166.2,16616.84717,26.1,10,77.5,3.8
QUEZON CITY,4/15/2020,9,"2,761,720.00",166.2,16616.84717,29,16,74,3.7
QUEZON CITY,2/15/2020,2,"2,761,720.00",166.2,16616.84717,26.6,12,71.2,8.4
QUEZON CITY,1/16/2020,1,"2,761,720.00",166.2,16616.84717,27.2,21,73.3,11
QUEZON CITY,4/30/2020,3,"2,761,720.00",166.2,16616.84717,29.7,8,67.5,3.1
QUEZON CITY,4/7/2020,17,"2,761,720.00",166.2,16616.84717,29.4,18,70.5,3.7
QUEZON CITY,4/13/2020,14,"2,761,720.00",166.2,16616.84717,28.6,17,73.6,5.1
QUEZON CITY,4/11/2020,23,"2,761,720.00",166.2,16616.84717,29,10,72.7,3.2
QUEZON CITY,3/14/2020,40,"2,761,720.00",166.2,16616.84717,28.8,16,70,4.8
QUEZON CITY,4/12/2020,20,"2,761,720.00",166.2,16616.84717,28.7,19,77,4.4
QUEZON CITY,3/27/2020,22,"2,761,720.00",166.2,16616.84717,28.8,12,70.5,2.8
QUEZON CITY,4/4/2020,23,"2,761,720.00",166.2,16616.84717,28.7,13,64.2,3.2
QUEZON CITY,5/15/2020,5,"2,761,720.00",166.2,16616.84717,26.7,42,90.5,6
QUEZON CITY,5/10/2020,4,"2,761,720.00",166.2,16616.84717,30.1,60,73,7.8
QUEZON CITY,3/28/2020,28,"2,761,720.00",166.2,16616.84717,29.3,15,68.1,3.2
QUEZON CITY,4/22/2020,8,"2,761,720.00",166.2,16616.84717,30.8,27,65.2,4.6
QUEZON CITY,3/18/2020,38,"2,761,720.00",166.2,16616.84717,27.3,11,69,1.6
QUEZON CITY,4/1/2020,25,"2,761,720.00",166.2,16616.84717,29.8,15,66.7,2.4
QUEZON CITY,4/16/2020,7,"2,761,720.00",166.2,16616.84717,29.2,19,75,6
QUEZON CITY,3/23/2020,28,"2,761,720.00",166.2,16616.84717,28.6,12,68.7,1.9
QUEZON CITY,5/2/2020,6,"2,761,720.00",166.2,16616.84717,30.5,10,64.2,5.2
QUEZON CITY,4/5/2020,24,"2,761,720.00",166.2,16616.84717,29.2,19,64.2,5.5
QUEZON CITY,3/7/2020,18,"2,761,720.00",166.2,16616.84717,28.7,17,72.8,3.6
QUEZON CITY,5/4/2020,6,"2,761,720.00",166.2,16616.84717,31.3,8,71.3,5.5
QUEZON CITY,3/31/2020,17,"2,761,720.00",166.2,16616.84717,31.9,11,56.2,2.3
QUEZON CITY,3/17/2020,31,"2,761,720.00",166.2,16616.84717,26.6,10,73,3.1
QUEZON CITY,3/25/2020,35,"2,761,720.00",166.2,16616.84717,28,9,64,1.9
QUEZON CITY,3/19/2020,35,"2,761,720.00",166.2,16616.84717,28.6,25,70.8,1.4
QUEZON CITY,4/28/2020,14,"2,761,720.00",166.2,16616.84717,29.5,14,68,5.1
QUEZON CITY,2/2/2020,1,"2,761,720.00",166.2,16616.84717,23.8,6,76.5,5.1
QUEZON CITY,3/26/2020,30,"2,761,720.00",166.2,16616.84717,28.8,12,64.5,2.3
QUEZON CITY,3/30/2020,35,"2,761,720.00",166.2,16616.84717,29.3,18,64,2.3
QUEZON CITY,3/20/2020,45,"2,761,720.00",166.2,16616.84717,28.6,11,73.2,3.2
QUEZON CITY,3/5/2020,7,"2,761,720.00",166.2,16616.84717,27.4,12,68,3.2
QUEZON CITY,3/16/2020,52,"2,761,720.00",166.2,16616.84717,27,8,74,4.7
QUEZON CITY,3/3/2020,11,"2,761,720.00",166.2,16616.84717,25.4,4,75.2,2.1
QUEZON CITY,5/1/2020,4,"2,761,720.00",166.2,16616.84717,30.2,11,66.2,4.6
QUEZON CITY,4/8/2020,17,"2,761,720.00",166.2,16616.84717,29.1,20,70.5,6.4
QUEZON CITY,5/9/2020,3,"2,761,720.00",166.2,16616.84717,30,22,75.3,3.7
QUEZON CITY,4/6/2020,23,"2,761,720.00",166.2,16616.84717,29.1,13,67.1,6
QUEZON CITY,4/27/2020,5,"2,761,720.00",166.2,16616.84717,29.9,6,72.7,4.2
QUEZON CITY,4/20/2020,10,"2,761,720.00",166.2,16616.84717,30.3,13,68,4.6
QUEZON CITY,3/15/2020,30,"2,761,720.00",166.2,16616.84717,27.7,11,70,3.4
QUEZON CITY,4/24/2020,9,"2,761,720.00",166.2,16616.84717,30.4,16,66.1,6
QUEZON CITY,4/10/2020,17,"2,761,720.00",166.2,16616.84717,28.8,7,72.8,2.3
QUEZON CITY,4/19/2020,9,"2,761,720.00",166.2,16616.84717,30,10,68.3,4.6
QUEZON CITY,4/18/2020,11,"2,761,720.00",166.2,16616.84717,28.8,9,74,3.7
QUEZON CITY,4/25/2020,3,"2,761,720.00",166.2,16616.84717,30,9,70,5.1
QUEZON CITY,4/2/2020,27,"2,761,720.00",166.2,16616.84717,29.1,11,65.2,2
QUEZON CITY,5/7/2020,3,"2,761,720.00",166.2,16616.84717,30.9,14,76.7,6
QUEZON CITY,3/9/2020,22,"2,761,720.00",166.2,16616.84717,28.6,20,78.7,10.1
QUEZON CITY,3/12/2020,30,"2,761,720.00",166.2,16616.84717,28.6,15,64.8,3.5
QUEZON CITY,4/14/2020,7,"2,761,720.00",166.2,16616.84717,27.7,7,72.6,3.2
QUEZON CITY,5/8/2020,5,"2,761,720.00",166.2,16616.84717,31.9,14,69,3.7
QUEZON CITY,3/24/2020,32,"2,761,720.00",166.2,16616.84717,28,9,69.2,2.2
QUEZON CITY,3/21/2020,28,"2,761,720.00",166.2,16616.84717,29,19,68.5,2.8
QUEZON CITY,4/9/2020,13,"2,761,720.00",166.2,16616.84717,29.8,10,71,3.7
QUEZON CITY,3/13/2020,41,"2,761,720.00",166.2,16616.84717,29.1,14,64.8,4.7
QUEZON CITY,5/16/2020,4,"2,761,720.00",166.2,16616.84717,28.3,26,82.7,5.1
QUEZON CITY,5/5/2020,3,"2,761,720.00",166.2,16616.84717,31.5,10,69.2,3.2
QUEZON CITY,4/21/2020,7,"2,761,720.00",166.2,16616.84717,30.5,9,66.8,4.4
QUEZON CITY,5/3/2020,6,"2,761,720.00",166.2,16616.84717,29.5,11,73.8,3.1
QUEZON CITY,3/8/2020,12,"2,761,720.00",166.2,16616.84717,28.8,12,78,5
QUEZON CITY,4/29/2020,9,"2,761,720.00",166.2,16616.84717,30,9,67.8,3.7
QUEZON CITY,3/10/2020,20,"2,761,720.00",166.2,16616.84717,29.1,35,80.7,23.4
QUEZON CITY,4/3/2020,25,"2,761,720.00",166.2,16616.84717,29.1,13,61.6,1.9
QUEZON CITY,3/11/2020,32,"2,761,720.00",166.2,16616.84717,28.3,17,74.2,5.9
QUEZON CITY,3/22/2020,21,"2,761,720.00",166.2,16616.84717,29,7,69.2,1.4
TAGUIG CITY,4/3/2020,3,"644,473.00",47.88,13460.17126,29.1,13,61.6,1.9
TAGUIG CITY,4/9/2020,1,"644,473.00",47.88,13460.17126,29.8,10,71,3.7
TAGUIG CITY,3/24/2020,2,"644,473.00",47.88,13460.17126,28,9,69.2,2.2
TAGUIG CITY,3/30/2020,4,"644,473.00",47.88,13460.17126,29.3,18,64,2.3
TAGUIG CITY,4/6/2020,5,"644,473.00",47.88,13460.17126,29.1,13,67.1,6
TAGUIG CITY,3/17/2020,9,"644,473.00",47.88,13460.17126,26.6,10,73,3.1
TAGUIG CITY,3/25/2020,4,"644,473.00",47.88,13460.17126,28,9,64,1.9
TAGUIG CITY,3/18/2020,5,"644,473.00",47.88,13460.17126,27.3,11,69,1.6
TAGUIG CITY,3/20/2020,5,"644,473.00",47.88,13460.17126,28.6,11,73.2,3.2
TAGUIG CITY,4/11/2020,3,"644,473.00",47.88,13460.17126,29,10,72.7,3.2
TAGUIG CITY,5/12/2020,1,"644,473.00",47.88,13460.17126,30.8,30,72.5,4.6
TAGUIG CITY,4/17/2020,2,"644,473.00",47.88,13460.17126,29.6,11,71.5,3.7
TAGUIG CITY,3/3/2020,1,"644,473.00",47.88,13460.17126,25.4,4,75.2,2.1
TAGUIG CITY,4/25/2020,2,"644,473.00",47.88,13460.17126,30,9,70,5.1
TAGUIG CITY,4/5/2020,1,"644,473.00",47.88,13460.17126,29.2,19,64.2,5.5
TAGUIG CITY,3/28/2020,5,"644,473.00",47.88,13460.17126,29.3,15,68.1,3.2
TAGUIG CITY,5/5/2020,1,"644,473.00",47.88,13460.17126,31.5,10,69.2,3.2
TAGUIG CITY,4/10/2020,4,"644,473.00",47.88,13460.17126,28.8,7,72.8,2.3
TAGUIG CITY,4/7/2020,4,"644,473.00",47.88,13460.17126,29.4,18,70.5,3.7
TAGUIG CITY,3/13/2020,5,"644,473.00",47.88,13460.17126,29.1,14,64.8,4.7
TAGUIG CITY,3/8/2020,4,"644,473.00",47.88,13460.17126,28.8,12,78,5
TAGUIG CITY,4/27/2020,3,"644,473.00",47.88,13460.17126,29.9,6,72.7,4.2
TAGUIG CITY,3/21/2020,2,"644,473.00",47.88,13460.17126,29,19,68.5,2.8
TAGUIG CITY,5/16/2020,1,"644,473.00",47.88,13460.17126,28.3,26,82.7,5.1
TAGUIG CITY,5/9/2020,1,"644,473.00",47.88,13460.17126,30,22,75.3,3.7
TAGUIG CITY,4/24/2020,2,"644,473.00",47.88,13460.17126,30.4,16,66.1,6
TAGUIG CITY,5/11/2020,1,"644,473.00",47.88,13460.17126,31.5,50,69.7,5.5
TAGUIG CITY,3/22/2020,1,"644,473.00",47.88,13460.17126,29,7,69.2,1.4
TAGUIG CITY,4/21/2020,4,"644,473.00",47.88,13460.17126,30.5,9,66.8,4.4
TAGUIG CITY,4/29/2020,1,"644,473.00",47.88,13460.17126,30,9,67.8,3.7
TAGUIG CITY,3/10/2020,8,"644,473.00",47.88,13460.17126,29.1,35,80.7,23.4
TAGUIG CITY,3/11/2020,5,"644,473.00",47.88,13460.17126,28.3,17,74.2,5.9
TAGUIG CITY,3/15/2020,7,"644,473.00",47.88,13460.17126,27.7,11,70,3.4
TAGUIG CITY,3/4/2020,1,"644,473.00",47.88,13460.17126,26.1,10,77.5,3.8
TAGUIG CITY,4/2/2020,5,"644,473.00",47.88,13460.17126,29.1,11,65.2,2
TAGUIG CITY,4/20/2020,2,"644,473.00",47.88,13460.17126,30.3,13,68,4.6
TAGUIG CITY,4/19/2020,3,"644,473.00",47.88,13460.17126,30,10,68.3,4.6
TAGUIG CITY,4/18/2020,1,"644,473.00",47.88,13460.17126,28.8,9,74,3.7
TAGUIG CITY,4/15/2020,3,"644,473.00",47.88,13460.17126,29,16,74,3.7
TAGUIG CITY,5/7/2020,1,"644,473.00",47.88,13460.17126,30.9,14,76.7,6
TAGUIG CITY,3/9/2020,2,"644,473.00",47.88,13460.17126,28.6,20,78.7,10.1
TAGUIG CITY,3/12/2020,6,"644,473.00",47.88,13460.17126,28.6,15,64.8,3.5
TAGUIG CITY,5/1/2020,5,"644,473.00",47.88,13460.17126,30.2,11,66.2,4.6
TAGUIG CITY,4/16/2020,1,"644,473.00",47.88,13460.17126,29.2,19,75,6
TAGUIG CITY,5/4/2020,3,"644,473.00",47.88,13460.17126,31.3,8,71.3,5.5
TAGUIG CITY,4/1/2020,5,"644,473.00",47.88,13460.17126,29.8,15,66.7,2.4
TAGUIG CITY,5/10/2020,1,"644,473.00",47.88,13460.17126,30.1,60,73,7.8
TAGUIG CITY,4/26/2020,1,"644,473.00",47.88,13460.17126,30.2,9,69.7,4.6
TAGUIG CITY,3/31/2020,4,"644,473.00",47.88,13460.17126,31.9,11,56.2,2.3
TAGUIG CITY,4/28/2020,3,"644,473.00",47.88,13460.17126,29.5,14,68,5.1
TAGUIG CITY,3/19/2020,7,"644,473.00",47.88,13460.17126,28.6,25,70.8,1.4
TAGUIG CITY,3/26/2020,9,"644,473.00",47.88,13460.17126,28.8,12,64.5,2.3
TAGUIG CITY,5/18/2020,1,"644,473.00",47.88,13460.17126,30.4,56,79.4,6.4
TAGUIG CITY,3/5/2020,1,"644,473.00",47.88,13460.17126,27.4,12,68,3.2
TAGUIG CITY,3/16/2020,11,"644,473.00",47.88,13460.17126,27,8,74,4.7
TAGUIG CITY,3/6/2020,1,"644,473.00",47.88,13460.17126,28,12,69.2,2
TAGUIG CITY,4/8/2020,7,"644,473.00",47.88,13460.17126,29.1,20,70.5,6.4
TAGUIG CITY,4/30/2020,3,"644,473.00",47.88,13460.17126,29.7,8,67.5,3.1
TAGUIG CITY,3/7/2020,3,"644,473.00",47.88,13460.17126,28.7,17,72.8,3.6
TAGUIG CITY,4/4/2020,6,"644,473.00",47.88,13460.17126,28.7,13,64.2,3.2
TAGUIG CITY,3/14/2020,1,"644,473.00",47.88,13460.17126,28.8,16,70,4.8
TAGUIG CITY,3/1/2020,3,"644,473.00",47.88,13460.17126,27.2,10,69.7,2.2
TAGUIG CITY,4/13/2020,2,"644,473.00",47.88,13460.17126,28.6,17,73.6,5.1
TAGUIG CITY,3/27/2020,5,"644,473.00",47.88,13460.17126,28.8,12,70.5,2.8
TAGUIG CITY,3/23/2020,5,"644,473.00",47.88,13460.17126,28.6,12,68.7,1.9
TAGUIG CITY,3/29/2020,3,"644,473.00",47.88,13460.17126,29.7,13,66.3,2.8
TAGUIG CITY,4/22/2020,2,"644,473.00",47.88,13460.17126,30.8,27,65.2,4.6
TAGUIG CITY,4/12/2020,2,"644,473.00",47.88,13460.17126,28.7,19,77,4.4
